,year,make,mileage,dealer_rating,days_listed,price,market_price,city,state
0,2014,Chevrolet,12112,5.0,1,12995,16465,Ontario,NY
1,2014,Ford,98841,4.0,1,13997,16330,Binghamton,NY
2,2007,Mercedes-Benz,92997,3.5,10,14995,17385,Glenville,NY
3,2011,Ford,168500,5.0,2,11950,25080,Binghamton,NY
4,2011,Honda,62255,3.5,28,11995,15454,Auburn,NY
5,2013,Chevrolet,58126,4.0,528,30000,35752,Farmington,NY
6,2011,Dodge,58805,3.0,114,17555,22344,Saratoga Springs,NY
7,2011,Chrysler,56600,4.5,119,11975,16221,Sidney,NY
8,2014,Chevrolet,12112,5.0,1,12995,16465,Ontario,NY
9,2011,GMC,107826,4.5,198,12400,16472,Rome,NY
10,2011,Jeep,61163,4.5,37,10999,14387,Sidney,NY
11,2011,Kia,86385,4.5,235,10995,15312,Troy,NY
12,2013,Ford,34138,4.0,18,18892,23836,Kingston,NY
13,2004,Toyota,139000,5.0,49,5950,9540,Latham,NY
14,2012,Hyundai,85727,4.0,31,10901,14259,Canandaigua,NY
15,2011,Hyundai,88279,5.0,106,9994,13373,Kingston,NY
16,2014,Mercedes-Benz,29037,4.5,25,27900,33842,Barneveld,NY
17,2016,BMW,950,4.5,262,67980,77565,Glenmont,NY
18,2012,Ram,32593,3.5,8,26995,28161,Bridgeport,NY
19,2014,Toyota,29815,5.0,60,13995,17431,Fayetteville,NY
20,2003,Ford,107104,4.5,134,4100,8349,Rome,NY
21,2014,Hyundai,72936,3.5,19,9995,14029,Watertown,NY
22,2013,Hyundai,87076,5.0,16,7495,10678,Fairport,NY
23,2013,Lincoln,58549,4.5,4,19995,25099,Burnt Hills,NY
24,2013,Nissan,49103,4.5,14,19775,24818,Kingston,NY
25,2011,Chevrolet,100232,4.0,9,8995,12711,Binghamton,NY
26,2012,Kia,91183,4.5,178,9395,13196,Troy,NY
27,2012,BMW,55110,4.0,141,21985,28026,Albany,NY
28,2008,Toyota,74043,5.0,22,6498,9385,Kingston,NY
29,2015,Audi,21780,4.0,63,27985,31419,Oswego,NY
30,2013,Buick,33700,4.5,154,12975,16056,Sidney,NY
31,2014,Jeep,30000,3.0,1,14000,18722,Saugerties,NY
32,2010,Buick,3240,4.5,71,11999,15451,Sidney,NY
33,2008,Ford,140356,5.0,43,15989,23134,Geneva,NY
34,2008,Chevrolet,27594,3.0,72,15995,20975,Whitney Point,NY
35,2013,Nissan,56000,5.0,66,7995,11119,Fairport,NY
36,2003,Chevrolet,102000,5.0,31,5495,9654,Central Square,NY
37,2014,BMW,42366,4.5,16,39880,46294,Latham,NY
38,2007,Chevrolet,168600,5.0,1,7995,13178,Baldwinsville,NY
39,2013,Jeep,45945,5.0,81,18995,23325,Fayetteville,NY
40,2014,Mercedes-Benz,10163,5.0,1,48900,55929,Endicott,NY
41,2014,Hyundai,12918,3.5,22,16495,20823,Glenville,NY
42,2005,Chevrolet,180000,4.0,60,4999,9366,Scranton,PA
43,2014,Chevrolet,35000,5.0,17,9995,12817,Cortland,NY
44,2014,Chevrolet,26701,4.5,104,17495,20845,Painted Post,NY
45,2012,Chevrolet,41402,5.0,47,29999,34916,Vestal,NY
46,2015,Ford,28498,3.5,91,35995,48573,Bridgeport,NY
47,2010,Jeep,107488,5.0,1,9795,13647,Albany,NY
48,2013,BMW,53828,4.5,12,30000,35400,Glenmont,NY
49,2016,Dodge,9253,3.5,7,22995,26575,Painted Post,NY
50,2015,BMW,13235,4.5,2,37980,47309,Glenmont,NY
51,2014,Jeep,20914,4.0,79,15500,18103,Kingston,NY
52,2013,Chevrolet,61190,4.5,3,12995,15936,Scranton,PA
53,2011,BMW,43100,4.5,4,18980,22810,Glenmont,NY
54,2006,Chevrolet,133930,4.5,4,9999,13955,Phoenix,NY
55,2013,Chevrolet,15637,4.5,66,12700,15844,Endicott,NY
56,2008,Chevrolet,124000,5.0,81,5495,8296,Schenectady,NY
57,2013,Chevrolet,8150,5.0,8,13900,17137,Endicott,NY
58,2012,Chevrolet,100600,4.5,91,7975,10823,Sidney,NY
59,2012,Ford,98912,4.5,107,24995,32588,Clifton Park,NY
60,2014,Chevrolet,41407,4.5,70,12995,16282,East Syracuse,NY
61,2011,Ford,58400,4.5,162,8975,12063,Sidney,NY
62,2008,BMW,102044,5.0,28,11995,15290,Fairport,NY
63,2012,Chevrolet,55741,4.5,244,24500,28794,Rome,NY
64,2010,Chevrolet,86000,4.0,22,4000,6833,Latham,NY
65,2013,Hyundai,35526,5.0,22,9989,12765,Kingston,NY
66,2014,Jeep,45100,4.5,71,13975,16524,Sidney,NY
67,2009,Hyundai,116460,4.5,1,8495,11380,East Syracuse,NY
68,2008,Saab,57466,4.0,36,10834,12144,Lake Katrine,NY
69,2011,Kia,74006,3.5,3,7995,11093,Bridgeport,NY
70,2013,Ram,39960,3.5,7,29995,34463,Bridgeport,NY
71,2007,Jeep,91189,5.0,60,6950,9451,Rome,NY
72,2011,Chevrolet,57343,4.5,30,27900,32806,Troy,NY
73,2004,Ford,138711,4.0,85,4999,9717,Albany,NY
74,2006,Cadillac,69000,5.0,5,6500,10009,Albany,NY
75,2014,Chevrolet,44703,3.5,127,11495,15007,Amsterdam,NY
76,2015,Mazda,2420,4.0,64,20989,24656,Lake Katrine,NY
77,2008,Chevrolet,39220,4.5,125,9900,15245,Honesdale,PA
78,2008,Chevrolet,49782,5.0,77,15995,24025,Sayre,PA
79,2010,Toyota,120874,4.0,10,6995,10058,Yorkville,NY
80,2013,Ford,35119,5.0,227,20600,24460,Sayre,PA
81,2013,Chevrolet,40181,4.0,23,16995,20192,Ballston Spa,NY
82,2008,Pontiac,126000,5.0,97,3000,5798,Utica,NY
83,2014,Chevrolet,71232,4.5,7,14200,17414,Barneveld,NY
84,2011,Ford,28593,4.0,7,13988,17772,Pulaski,NY
85,2011,Ford,69775,3.5,7,14999,22287,Ithaca,NY
86,2006,Chevrolet,63518,5.0,38,18490,23823,Victor,NY
87,2011,Ford,81534,4.0,176,18000,21724,Wolcott,NY
88,2014,Dodge,28187,4.5,15,18300,21526,Rome,NY
89,2010,Chevrolet,75400,4.5,13,15495,19246,Fulton,NY
90,2008,Ford,136000,4.5,1,9450,13519,Schenectady,NY
91,2007,Ford,84253,2.5,29,6999,9863,Central Square,NY
92,2012,Ford,118240,5.0,9,5999,8867,Bath,NY
93,2006,Mercedes-Benz,119678,4.5,14,6400,9501,Voorheesville,NY
94,2011,Dodge,42539,4.0,26,19901,23439,Canandaigua,NY
95,2012,Ford,57790,5.0,39,11995,14921,Elmira,NY
96,2014,Chevrolet,34000,5.0,42,17100,20181,Rensselaer,NY
97,2014,Toyota,26188,5.0,149,18966,21959,Scranton,PA
98,2013,Hyundai,49565,5.0,2,14950,17726,Binghamton,NY
99,2012,Nissan,65400,4.5,157,10975,13828,Sidney,NY
100,2012,Chevrolet,34585,4.0,58,11798,14469,Saratoga Springs,NY
101,2014,Chevrolet,29272,3.5,71,12999,15978,Ithaca,NY
102,2010,Audi,63284,4.5,7,15900,18951,Barneveld,NY
103,2010,Lincoln,44065,5.0,7,11500,14386,Troy,NY
104,2015,Audi,9749,4.5,1,26499,30453,East Rochester,NY
105,2014,Lexus,13243,5.0,18,39995,44735,Saratoga Springs,NY
106,2014,Toyota,38889,5.0,100,18078,21030,Scranton,PA
107,2012,GMC,56642,4.5,10,21969,30638,Sidney,NY
108,2010,Ford,96282,3.5,32,13800,19691,Utica,NY
109,2005,Chevrolet,146543,5.0,43,8995,13244,Rome,NY
110,2013,Ford,25180,4.0,36,20866,24451,Dickson City,PA
111,2013,Subaru,86927,2.0,112,11995,14297,Mongaup Valley,NY
112,2010,Dodge,13454,4.5,128,7999,10818,Sidney,NY
113,2006,Chevrolet,113549,5.0,28,2999,5970,Syracuse,NY
114,2012,Honda,54260,5.0,11,13795,16129,Scranton,PA
115,2014,Jeep,20057,4.5,57,22995,26457,East Syracuse,NY
116,2015,Hyundai,20399,4.0,140,17885,21133,Oswego,NY
117,2015,Subaru,12750,5.0,98,21493,24216,Scranton,PA
118,2013,Chevrolet,34100,4.5,84,14975,17566,Sidney,NY
119,2009,Chevrolet,132960,5.0,1,3995,6790,Syracuse,NY
120,2015,Dodge,8998,5.0,128,30599,34425,Tunkhannock,PA
121,2015,Volvo,36421,4.0,122,19999,23915,Ithaca,NY
122,2013,Toyota,31164,5.0,93,22224,25304,Scranton,PA
123,2013,Ford,65558,4.0,93,8995,12200,Albany,NY
124,2013,Chevrolet,43892,5.0,25,20990,24614,CICERO,NY
125,2015,Ford,12754,4.0,163,19923,23085,Dickson City,PA
126,2012,Honda,106215,3.5,73,19000,22607,Yorkville,NY
127,2008,Chevrolet,71332,4.5,59,18400,21842,Rome,NY
128,2008,GMC,124393,5.0,78,8595,11493,Albany,NY
129,2002,Chevrolet,143000,5.0,31,4495,7993,Central Square,NY
130,2014,Nissan,24012,4.0,81,19995,23588,Yorkville,NY
131,2012,Chrysler,46776,4.0,73,17999,21502,Johnstown,NY
132,2013,Ford,131760,4.0,2,12995,16862,Albany,NY
133,2010,Kia,96609,4.5,249,4995,7485,Scott Township,PA
134,2014,Audi,61967,3.5,16,25000,28615,Latham,NY
135,2015,Ford,31382,4.0,127,13999,17072,Ithaca,NY
136,2014,Subaru,52126,4.0,104,17995,20774,Saugerties,NY
137,2009,Chevrolet,86619,4.5,18,4995,7669,Endicott,NY
138,2001,Ford,99500,5.0,1,4000,6567,Scranton,PA
139,2007,Toyota,123077,4.0,6,4900,7903,Dickson City,PA
140,2014,Ford,7558,5.0,36,29895,33888,Latham,NY
141,2015,Ram,16145,4.5,149,20900,27831,Clifton Park,NY
142,2013,Kia,50791,4.0,92,13500,16370,Albany,NY
143,2014,Ford,29388,4.0,188,19974,23657,Canandaigua,NY
144,2011,Kia,54323,4.5,2,12000,14479,Brewerton,NY
145,2013,Nissan,26593,4.0,146,19999,23474,Kingston,NY
146,2014,Kia,44000,4.0,83,14495,17224,Sodus,NY
147,2012,GMC,73000,4.5,326,29900,33971,Apalachin,NY
148,2012,Toyota,90196,4.0,79,9997,12580,Albany,NY
149,2014,Chevrolet,31274,5.0,31,16430,19543,Vestal,NY
150,2012,Nissan,99205,4.5,283,10950,14102,Barneveld,NY
151,2013,Honda,31695,5.0,114,12999,15203,Glenville,NY
152,1998,Chevrolet,46346,4.5,56,13400,16736,Rome,NY
153,2011,Chevrolet,101715,4.0,66,9995,12633,Albany,NY
154,2008,Ford,135900,5.0,19,8900,12256,Binghamton,NY
155,2013,Honda,64657,5.0,224,21865,25021,Scranton,PA
156,2012,Honda,75300,4.5,60,8975,11160,Sidney,NY
157,2011,Nissan,30799,4.5,16,11999,14675,Sidney,NY
158,2013,Ford,61292,5.0,2,21995,25478,Sayre,PA
159,2012,Chevrolet,56783,5.0,34,19995,23639,Albany,NY
160,2016,Hyundai,9557,5.0,6,20377,23947,Kingston,NY
161,2014,Honda,27192,5.0,328,20681,23258,Scranton,PA
162,2014,Land Rover,22280,5.0,31,29995,32778,Albany,NY
163,2014,Kia,16963,4.5,25,17990,20896,East Syracuse,NY
164,2014,Chevrolet,39108,4.0,139,12279,15265,Lake Katrine,NY
165,2012,Porsche,26993,4.5,63,44900,50847,Latham,NY
166,2007,BMW,103527,5.0,1,9490,12169,Albany,NY
167,2013,Toyota,78000,4.5,157,16900,19712,Apalachin,NY
168,2012,Volvo,68006,4.0,149,21885,25535,Oswego,NY
169,2014,Ford,40858,4.0,135,24999,29192,Farmington,NY
170,2007,Chevrolet,100021,4.0,63,14995,18375,Clinton,NY
171,2011,Ford,67235,4.0,90,26105,34516,Albany,NY
172,2011,Ford,43700,5.0,77,27595,36663,Nelliston,NY
173,2012,Dodge,135319,3.5,24,7000,9865,Scranton,PA
174,2008,Dodge,106842,4.0,60,6900,9466,Dickson City,PA
175,2013,Hyundai,87076,5.0,17,7495,10308,Fairport,NY
176,2011,BMW,81473,5.0,8,17900,21520,Endicott,NY
177,2012,Chevrolet,37214,4.0,49,31998,35935,Albany,NY
178,2009,Subaru,123475,5.0,91,5995,8218,Montour Falls,NY
179,2013,Hyundai,43435,4.5,116,10995,13423,Clifton Park,NY
180,2012,Kia,86899,4.5,1,10999,13625,Ellenville,NY
181,2013,GMC,13620,4.5,113,25995,29239,Painted Post,NY
182,2013,BMW,22907,4.5,2,29980,34286,Glenmont,NY
183,2015,Mercedes-Benz,6321,3.5,121,30354,34992,Schenectady,NY
184,2011,Chevrolet,51100,4.5,54,10995,13620,Endicott,NY
185,2014,Honda,21877,5.0,344,21176,23692,Scranton,PA
186,2012,Jeep,60724,4.5,64,17995,21118,Syracuse,NY
187,2007,Buick,93452,4.0,1,4995,7696,Saugerties,NY
188,2014,Honda,29102,5.0,51,19497,21846,Latham,NY
189,2009,MINI,111612,5.0,217,4695,6907,Albany,NY
190,2013,Hyundai,32991,5.0,28,10499,12880,Kingston,NY
191,2014,Subaru,25821,5.0,53,19990,22247,Syracuse,NY
192,2012,Nissan,107956,4.0,43,10995,14160,Yorkville,NY
193,2015,Honda,11485,5.0,106,21995,24034,Elmira,NY
194,2014,Ford,15016,4.0,9,15999,18959,Dickson City,PA
195,2007,Dodge,96085,4.5,66,21995,29483,Monticello,NY
196,2011,Ford,80000,5.0,166,9995,12298,Binghamton,NY
197,2012,GMC,38945,5.0,60,24141,28092,Elmira,NY
198,2014,Ford,14169,4.0,218,26495,30118,Farmington,NY
199,2014,Chevrolet,36170,4.5,90,21695,24617,Painted Post,NY
200,2014,Ford,20536,4.5,6,21455,24579,Scranton,PA
201,2013,Hyundai,59021,5.0,22,10234,12442,Kingston,NY
202,2010,Dodge,107545,3.5,30,7495,10292,North Syracuse,NY
203,2013,Ford,35557,4.0,17,12700,15538,Albany,NY
204,2004,Jeep,120000,4.0,71,3799,6214,Scranton,PA
205,2008,Honda,110500,3.5,67,8995,11429,Yorkville,NY
206,2012,Chevrolet,104494,4.5,8,6995,9438,Scranton,PA
207,2016,Chevrolet,21195,4.5,17,22000,25576,Williamson,NY
208,2008,Ford,110657,4.0,9,6000,8375,Wolcott,NY
209,2016,MINI,2456,5.0,36,28995,33223,Saratoga Springs,NY
210,2014,Honda,50824,4.0,44,25099,28274,Lake Katrine,NY
211,1995,Chevrolet,60735,5.0,14,7900,12128,Syracuse,NY
212,2010,Toyota,69739,5.0,57,10975,13070,Utica,NY
213,2008,Chevrolet,66939,4.5,49,23995,30790,Rensselaer,NY
214,2014,Chevrolet,71384,4.0,2,12995,15884,Albany,NY
215,2013,Toyota,21550,5.0,17,14495,17094,Ithaca,NY
216,2016,Chevrolet,3710,4.0,1,26000,29692,Utica,NY
217,2011,Ford,40077,5.0,170,26329,29931,Scranton,PA
218,2005,Ford,146000,3.0,198,3495,6402,Schenectady,NY
219,2013,Chevrolet,20645,4.5,45,26995,31009,Monticello,NY
220,2013,Nissan,46645,4.5,58,22991,26661,Ontario,NY
221,2014,Toyota,22192,5.0,149,19633,22251,Scranton,PA
222,2012,Toyota,45245,4.0,105,17893,21061,Kingston,NY
223,2012,Subaru,98328,5.0,8,11900,14269,Endicott,NY
224,2006,Subaru,86012,5.0,52,11550,14963,Vestal,NY
225,2012,Ford,47365,5.0,18,12995,15457,Sayre,PA
226,2013,Hyundai,43397,4.0,129,16995,20257,Central Square,NY
227,2015,Chevrolet,10170,4.5,76,13899,17392,Syracuse,NY
228,2010,Ford,74207,5.0,115,11500,14076,Troy,NY
229,2014,Subaru,35962,4.0,9,19998,22581,Oneonta,NY
230,2004,Audi,126000,5.0,16,4100,6379,Syracuse,NY
231,2011,Ford,83781,5.0,39,9995,12278,Sayre,PA
232,2013,BMW,31145,4.5,94,28779,32540,Glenmont,NY
233,2006,Ford,275000,5.0,1,3000,6237,Albany,NY
234,2013,Toyota,36315,5.0,108,19605,22408,Scranton,PA
235,2014,Toyota,77260,4.0,157,25000,29003,Wolcott,NY
236,2013,Honda,54298,4.0,127,10999,12885,Wolcott,NY
237,2014,Ford,86943,3.0,90,15900,18901,Wolcott,NY
238,2012,Ford,80000,4.0,6,16995,20775,Wysox,PA
239,2011,Chrysler,43642,5.0,72,9995,12378,Sayre,PA
240,2007,Nissan,129000,3.0,162,4495,7235,Schenectady,NY
241,2009,Hyundai,92225,4.5,65,8600,10690,Rome,NY
242,2010,Dodge,126904,4.0,168,12850,17437,Albany,NY
243,2010,Toyota,53561,5.0,47,9995,12302,Fairport,NY
244,2010,Dodge,71818,3.5,25,15995,20640,Geneva,NY
245,2013,Dodge,38753,4.0,105,13500,15918,Kingston,NY
246,2012,Jeep,53200,4.5,146,14975,17325,Sidney,NY
247,2014,Ram,28883,4.0,51,23995,27122,Albany,NY
248,2014,BMW,27874,4.5,14,28499,31991,Schenectady,NY
249,2014,Ford,4653,4.5,14,24995,28383,Burnt Hills,NY
250,2011,Lincoln,98000,5.0,166,21500,26810,Manlius,NY
251,2011,Toyota,61575,4.5,158,15300,17978,Rome,NY
252,2009,Mercury,106685,4.5,8,7495,9376,Hudson,NY
253,2005,Chevrolet,108415,4.0,1,10999,14529,Horseheads,NY
254,2012,Toyota,31679,5.0,12,12995,15153,Fairport,NY
255,2013,Hyundai,38186,4.0,213,9995,12026,Saugerties,NY
256,2011,Honda,56937,4.0,78,12999,15091,Kingston,NY
257,2013,Honda,40261,5.0,136,14995,17063,Johnstown,NY
258,2013,Ford,56350,4.0,63,19985,23117,Oswego,NY
259,2016,Chevrolet,707,4.0,120,16000,19229,Albany,NY
260,2014,BMW,27095,4.5,14,21980,24665,Glenmont,NY
261,2015,BMW,15547,4.5,24,47770,53512,Latham,NY
262,2007,GMC,103000,4.0,389,13495,17396,Saugerties,NY
263,2008,Ford,96644,4.5,144,6995,9115,East Syracuse,NY
264,2013,Toyota,9031,4.0,4,18227,20637,Mechanicville,NY
265,2014,Chevrolet,42440,4.0,31,20500,23221,Farmington,NY
266,2011,Chevrolet,114112,4.5,91,11995,14549,Hudson,NY
267,2014,Chevrolet,21784,4.5,88,10950,13025,Endicott,NY
268,2008,Hyundai,110752,2.5,364,6995,9703,Central Square,NY
269,2006,Honda,175150,5.0,22,4400,6555,Honesdale,PA
270,2013,Chevrolet,43339,4.5,172,20999,24289,Phoenix,NY
271,2010,Honda,66106,5.0,7,7995,10235,Albany,NY
272,2013,GMC,20451,4.0,24,27900,30901,Farmington,NY
273,2012,Mitsubishi,71047,3.5,1,6995,9969,Bridgeport,NY
274,2014,Jeep,33485,3.5,6,12500,15001,Clifton Park,NY
275,2010,Ford,41486,4.5,105,25712,28927,Carthage,NY
276,2012,Chevrolet,60000,5.0,12,9200,11254,Newark,NY
277,2003,Chevrolet,159600,5.0,22,5995,9614,Rome,NY
278,2007,Chevrolet,111383,4.0,79,8850,11486,Albany,NY
279,2005,GMC,92000,4.5,16,7900,11038,Rome,NY
280,2015,Cadillac,15247,5.0,56,36158,40352,Auburn,NY
281,2013,BMW,27225,4.5,47,30990,34841,Albany,NY
282,2003,Chevrolet,100605,5.0,79,6999,10638,Syracuse,NY
283,2012,Volvo,43802,4.0,52,18888,21816,Farmington,NY
284,2010,Ford,71579,4.5,16,22000,25043,Rome,NY
285,2014,Kia,46225,4.0,220,15285,18053,Oswego,NY
286,2015,Buick,19454,3.5,168,16478,20122,Amsterdam,NY
287,2009,Pontiac,100115,5.0,23,7200,9173,Ballston Spa,NY
288,2016,GMC,11401,4.5,45,35970,39864,Williamson,NY
289,2011,Ford,69871,4.0,67,14700,17195,Kingston,NY
290,2009,BMW,79000,5.0,9,13799,16839,Syracuse,NY
291,2014,Ford,27020,4.5,22,32595,36840,Scranton,PA
292,2006,Subaru,132000,5.0,7,4495,6712,Central Square,NY
293,2014,BMW,30852,4.5,16,49980,56275,Glenmont,NY
294,2009,Jeep,102962,5.0,1,7500,11098,Menands,NY
295,2011,GMC,34107,3.0,5,28860,32471,Watertown,NY
296,2013,Honda,8473,4.5,3,16999,19046,Yorkville,NY
297,2009,Acura,102273,5.0,37,9995,12124,Fairport,NY
298,2014,Jeep,73019,3.5,133,11500,14181,Yorkville,NY
299,2015,Chevrolet,17202,4.0,72,13998,16417,Kingston,NY
300,2012,Nissan,57289,4.0,59,10985,13451,Oswego,NY
301,2016,Jeep,14600,5.0,1,22995,25976,Fayetteville,NY
302,2004,Ford,133000,3.0,228,3467,5973,Schenectady,NY
303,2015,Ford,90658,4.5,14,16995,20016,Scranton,PA
304,2012,Ford,101338,4.0,157,5999,8298,Wolcott,NY
305,2008,Hyundai,93618,5.0,7,6895,9585,Albany,NY
306,2012,Hyundai,59392,3.5,6,9500,11912,Clifton Park,NY
307,2008,Dodge,62741,5.0,22,5695,8043,Syracuse,NY
308,2013,Volvo,15675,4.0,29,27988,32404,Pulaski,NY
309,2008,Jeep,52118,5.0,9,8000,10427,Syracuse,NY
310,2011,Mazda,57523,5.0,128,12995,14826,Schenectady,NY
311,2014,Chevrolet,19848,4.5,48,12000,14011,Endicott,NY
312,2011,Honda,71301,5.0,107,10000,12272,Victor,NY
313,2009,Chevrolet,84233,2.5,29,4495,7308,Central Square,NY
314,2004,Subaru,142893,5.0,29,3795,5899,Albany,NY
315,2014,Ford,12328,4.5,163,13490,15851,Ellenville,NY
316,2001,Ford,14400,5.0,28,8500,11222,Manlius,NY
317,1999,Lexus,152350,4.0,59,3995,6177,Albany,NY
318,2013,Lincoln,73743,5.0,95,18500,21811,Sayre,PA
319,2010,Infiniti,44128,5.0,207,15500,18140,Syracuse,NY
320,2008,Honda,134927,2.5,8,7995,10506,Central Square,NY
321,2013,Hyundai,45210,5.0,18,10995,12821,Elmira,NY
322,2012,Jeep,39305,4.5,165,15995,18364,Schenectady,NY
323,2015,Lincoln,24430,3.0,45,26995,32056,Auburn,NY
324,2013,Chevrolet,71933,4.5,3,13995,16193,Scranton,PA
325,2008,Chevrolet,120837,3.5,3,13800,18075,Utica,NY
326,2009,Toyota,97400,4.5,45,11495,14236,Endicott,NY
327,2010,Subaru,86544,5.0,55,9950,11865,Ballston Spa,NY
328,2004,Chevrolet,127437,5.0,62,5950,8817,East Greenbush,NY
329,2008,Dodge,81633,4.0,125,11000,13297,Latham,NY
330,2013,Honda,45000,5.0,16,13500,15510,Deansboro,NY
331,2012,Nissan,49636,4.0,15,18944,21695,Chittenango,NY
332,2014,Volvo,47698,4.0,116,31757,34128,Syracuse,NY
333,2005,Dodge,172650,2.0,64,11995,19842,Mongaup Valley,NY
334,2003,Toyota,99529,4.0,168,3495,5618,Cicero,NY
335,2012,Jeep,81103,3.5,77,10239,12517,Schenectady,NY
336,2016,Jeep,7645,3.5,69,16223,18894,Schenectady,NY
337,2010,Audi,161195,5.0,8,6995,9672,Saratoga Springs,NY
338,2012,Ford,34731,5.0,2,15995,18506,Cortland,NY
339,2013,Nissan,35168,4.5,14,9988,12205,East Syracuse,NY
340,2013,GMC,84837,4.0,1,20995,23958,Ballston Spa,NY
341,2013,Kia,21782,4.0,3,8997,11072,Binghamton,NY
342,2014,Nissan,6298,3.5,104,12999,15836,Ithaca,NY
343,2012,Ford,52000,4.5,111,9975,12212,Sidney,NY
344,2016,Chevrolet,14415,5.0,92,26780,30518,Scranton,PA
345,2011,Chevrolet,87700,4.5,1,25995,29883,Oneida,NY
346,2007,Honda,121490,4.0,77,8999,11222,Clinton,NY
347,2015,Kia,14881,5.0,76,14450,16864,Vestal,NY
348,2008,Jeep,143950,4.5,1,6495,8783,Endicott,NY
349,2014,BMW,62742,4.5,62,27500,31423,Glenmont,NY
350,2014,Chevrolet,31461,5.0,1,9995,11886,Ontario,NY
351,2011,Jeep,46851,4.0,105,17998,20709,Kingston,NY
352,2013,Chevrolet,23109,3.5,86,20806,23782,Amsterdam,NY
353,2016,Chevrolet,5851,4.5,8,24995,28628,Scranton,PA
354,2011,Dodge,63000,5.0,256,19995,22847,Cortland,NY
355,2012,Ford,52407,4.0,93,11885,14466,Oswego,NY
356,2006,Hyundai,113000,5.0,14,4995,7211,Central Square,NY
357,2010,Honda,55297,4.5,101,10995,13425,Syracuse,NY
358,2008,Chrysler,100199,4.0,85,4595,7149,Cicero,NY
359,2009,Kia,66114,4.5,107,7995,10245,Troy,NY
360,2011,Nissan,81000,5.0,5,11000,13269,Whitney Point,NY
361,2015,Chevrolet,30329,4.0,534,45199,49465,Kingston,NY
362,2015,Chrysler,6962,4.5,188,18990,22774,Tunkhannock,PA
363,2013,Dodge,7633,5.0,34,13300,15559,Vestal,NY
364,2013,Chevrolet,18805,3.5,70,12888,15420,Binghamton,NY
365,2013,Mazda,20952,4.5,18,10995,12778,Syracuse,NY
366,2013,Dodge,27018,5.0,32,10990,13169,Elbridge,NY
367,2012,Ford,90000,5.0,26,5800,8016,Richford,NY
368,2008,Toyota,134542,4.0,30,16497,19927,Binghamton,NY
369,2009,Chevrolet,92557,3.0,12,14588,18272,Westmoreland,NY
370,2012,Chevrolet,125860,4.0,62,13995,19637,Catskill,NY
371,2013,Ford,121170,4.5,49,18999,21976,Ellenville,NY
372,2015,Ford,11094,5.0,45,20500,23318,Vestal,NY
373,2005,GMC,114910,4.5,58,16999,22013,Towanda,PA
374,2013,Chevrolet,60460,4.5,76,20262,22697,Rome,NY
375,2014,Chevrolet,32566,4.5,149,29891,33413,Schenectady,NY
376,2012,Honda,93400,4.5,38,9975,11853,Sidney,NY
377,2012,Ford,90340,3.5,7,8795,11272,Bridgeport,NY
378,2016,Chevrolet,13339,4.0,140,16985,19656,Oswego,NY
379,2016,Toyota,4347,4.5,29,29995,32454,East Syracuse,NY
380,2013,Chevrolet,56160,4.5,92,14995,17107,Scranton,PA
381,2014,Cadillac,5209,4.5,17,27440,32954,Latham,NY
382,2015,Subaru,18540,5.0,6,21995,24396,Schenectady,NY
383,2013,Honda,41652,5.0,86,15900,17672,Syracuse,NY
384,2013,Dodge,30400,4.5,91,10975,13029,Sidney,NY
385,2013,Ford,41615,3.5,79,24000,27213,Latham,NY
386,2014,Chevrolet,81910,5.0,1,29995,34423,Albany,NY
387,2015,Volkswagen,11329,4.0,80,14999,17709,Ithaca,NY
388,2012,Kia,44579,3.0,9,11995,14488,Elmira,NY
389,2013,Volkswagen,29385,4.0,157,16500,18600,Cohoes,NY
390,2015,Chevrolet,29542,5.0,87,13669,16276,Vestal,NY
391,2010,Chevrolet,149502,3.0,31,5995,8464,Scranton,PA
392,2003,Chevrolet,140000,4.0,58,3499,5479,Scranton,PA
393,2013,Volkswagen,72516,4.5,54,9950,11904,Cortland,NY
394,2010,Toyota,131690,4.0,9,6500,8856,Wolcott,NY
395,2014,Jeep,39011,4.5,46,25995,28678,East Syracuse,NY
396,2012,Acura,58000,5.0,4,15800,18252,Albany,NY
397,2015,Chevrolet,30492,5.0,1,24990,27450,CICERO,NY
398,2013,Scion,16000,4.5,52,17900,20162,Apalachin,NY
399,2013,Chevrolet,23352,4.0,44,16250,18416,Albany,NY
400,2013,GMC,57537,4.0,55,35859,39353,Lake Katrine,NY
401,2008,Dodge,51991,4.0,28,5995,8203,Norwich,NY
402,2015,Kia,17300,4.5,356,12975,15113,Sidney,NY
403,2008,Jeep,126640,5.0,56,7995,10222,Montour Falls,NY
404,2016,Chevrolet,6565,4.5,9,24995,28512,Scranton,PA
405,2015,Nissan,22346,4.0,87,11901,13931,Canandaigua,NY
406,2013,Jeep,18251,4.5,85,14800,16648,Clifton Park,NY
407,2010,Volkswagen,83937,5.0,80,9995,12037,Fairport,NY
408,2007,Ford,82390,4.0,25,7995,10195,Binghamton,NY
409,2013,Honda,61533,4.0,22,17000,19490,Troy,NY
410,2007,Lexus,160283,4.0,156,7000,9453,Latham,NY
411,2011,Scion,36100,4.5,531,8775,10893,Sidney,NY
412,2010,Ford,100585,5.0,58,6500,8648,Hannibal,NY
413,2013,Volkswagen,46000,3.5,6,9900,12120,Camillus,NY
414,2015,Kia,31883,4.0,49,17550,20299,Kingston,NY
415,2008,Chevrolet,45224,4.0,4,9999,12555,Ithaca,NY
416,2014,Chevrolet,31325,5.0,44,15988,18276,Fulton,NY
417,2014,BMW,12346,4.5,1,27999,30920,Endicott,NY
418,2011,Hyundai,75081,4.5,115,9995,12078,East Syracuse,NY
419,2015,Honda,8575,4.0,149,17395,19461,Albany,NY
420,2010,Toyota,77000,3.0,70,7400,9502,Palmyra,NY
421,2010,Lincoln,67000,4.5,83,11400,13504,Rome,NY
422,2007,GMC,123865,5.0,45,8999,11249,Troy,NY
423,2012,Dodge,40352,5.0,32,13990,16334,Elbridge,NY
424,2013,Chevrolet,80655,4.0,105,12350,14435,Kingston,NY
425,2013,BMW,30184,4.0,49,31985,36356,Oswego,NY
426,2013,Ford,18539,5.0,140,24995,30276,Sayre,PA
427,2014,Honda,50804,4.0,92,15498,17647,Latham,NY
428,2006,Hyundai,117226,3.0,17,3995,5891,Scranton,PA
429,2015,Ford,33367,3.5,172,25999,29327,Ithaca,NY
430,2013,Toyota,9597,5.0,23,15992,18746,Kingston,NY
431,2015,Hyundai,15700,4.5,78,18975,22286,Sidney,NY
432,2011,BMW,60911,4.5,45,20980,24557,Glenmont,NY
433,2014,Mitsubishi,23376,4.5,4,14888,16794,East Syracuse,NY
434,2007,Ford,128532,4.5,21,9850,12244,Westmoreland,NY
435,2011,Jeep,56885,4.0,16,9999,12192,Wolcott,NY
436,2006,Hummer,103000,5.0,172,10999,13567,Schenectady,NY
437,2010,Chevrolet,77504,5.0,226,19352,22429,Canandaigua,NY
438,2009,Hyundai,100215,4.5,10,8995,11253,Baldwinsville,NY
439,2005,Pontiac,130522,4.5,45,3995,5837,Scott Township,PA
440,2012,Ford,64804,4.0,130,25834,29365,Lake Katrine,NY
441,2005,Pontiac,101281,4.0,9,4995,7007,Troy,NY
442,2016,BMW,14567,4.5,49,30700,34777,Latham,NY
443,2015,Dodge,9448,4.5,57,29995,33200,Cortland,NY
444,2013,BMW,44628,4.5,56,20980,23996,Glenmont,NY
445,2012,Kia,95075,4.0,199,4999,7288,Albany,NY
446,2008,Pontiac,129688,5.0,25,6475,8279,Tunkhannock,PA
447,2009,Honda,63404,3.5,28,7995,10155,Glenville,NY
448,2009,Ford,129850,5.0,200,4495,6863,Schenectady,NY
449,2006,Infiniti,75553,4.0,163,9995,12417,Horseheads,NY
450,2014,GMC,42725,4.0,109,26995,29863,Saugerties,NY
451,2009,BMW,80650,4.5,208,12995,15494,Kingston,NY
452,2012,GMC,72768,4.5,58,18400,21031,Rome,NY
453,2013,Subaru,81379,4.0,71,14495,16633,Saratoga Springs,NY
454,2009,Honda,56200,5.0,2,11500,13346,Groton,NY
455,2008,Ford,70980,5.0,30,6450,8393,Cortland,NY
456,2006,Chevrolet,107618,4.0,98,11740,14979,Cicero,NY
457,2012,Dodge,100530,4.0,2,8995,11553,Albany,NY
458,2008,Honda,90780,3.5,21,9995,12073,Yorkville,NY
459,2013,Chevrolet,24918,3.0,112,14555,16893,Saratoga Springs,NY
460,2010,Audi,72828,4.5,63,12995,15198,East Syracuse,NY
461,2012,Subaru,48425,3.0,60,18777,21251,Geneva,NY
462,2014,BMW,49517,4.5,77,33980,39068,Glenmont,NY
463,2008,Honda,100450,5.0,36,5995,7863,Schenectady,NY
464,2010,Ford,105378,4.0,205,7995,10302,Albany,NY
465,2012,Chevrolet,43041,5.0,140,21300,23859,Victor,NY
466,2005,Chevrolet,75952,5.0,214,12495,15667,Schenectady,NY
467,2013,BMW,18129,4.5,16,34880,38574,Latham,NY
468,2011,Buick,47632,4.5,127,14983,17193,CANANDAIGUA,NY
469,2008,Ford,100115,5.0,69,8995,11874,Kingston,NY
470,2014,Ford,27973,4.5,165,36850,42208,Carthage,NY
471,2014,Chevrolet,89973,4.0,128,17500,28454,Canandaigua,NY
472,2006,Nissan,160000,4.0,55,4999,7404,Scranton,PA
473,2014,GMC,48964,4.0,45,32409,35337,Lake Katrine,NY
474,2015,Chrysler,33661,4.0,288,18995,21456,Dickson City,PA
475,2008,Saturn,93000,4.5,42,6995,8665,Scott Township,PA
476,2009,Pontiac,34591,2.0,262,7495,9907,Little Falls,NY
477,2013,Chevrolet,33000,5.0,102,11995,13717,Binghamton,NY
478,2014,Mercedes-Benz,20866,4.0,50,36000,39916,Albany,NY
479,2014,Kia,36027,4.5,60,18990,21362,East Syracuse,NY
480,2005,Subaru,100349,4.0,30,4995,7079,Troy,NY
481,2012,Ford,48761,3.5,76,15995,18384,Painted Post,NY
482,2011,Jeep,95540,4.0,73,19000,22450,Latham,NY
483,2011,Subaru,124888,5.0,85,11400,13621,Oneonta,NY
484,2013,Chevrolet,28033,4.5,10,10655,12350,Endicott,NY
485,2013,Toyota,30966,4.0,70,12997,14808,Binghamton,NY
486,2013,Hyundai,37562,5.0,36,8995,10642,Herkimer,NY
487,2013,Ram,137913,4.5,43,13995,16933,Scranton,PA
488,2016,Ford,2084,5.0,4,37901,46865,Clifton Park,NY
489,2014,BMW,43861,4.5,16,32440,35980,Latham,NY
490,2015,Chevrolet,11742,4.0,66,19999,23135,Wolcott,NY
491,2014,Chevrolet,30232,5.0,38,13849,15766,Utica,NY
492,2006,Mitsubishi,107200,4.5,8,4295,6369,Endicott,NY
493,2013,Chevrolet,30542,4.5,77,12999,14780,Sidney,NY
494,2016,Dodge,30878,2.0,14,16990,19972,CICERO,NY
495,2011,Honda,96341,5.0,103,8795,10841,Albany,NY
496,2007,Hyundai,81827,4.5,18,6995,9181,Endicott,NY
497,2011,Acura,46253,4.0,71,15000,17409,Wolcott,NY
498,2013,Chevrolet,12260,5.0,76,11999,13787,Vestal,NY
499,2013,Chevrolet,24771,5.0,54,17689,19742,Vestal,NY
500,2016,Jeep,3399,4.5,130,19221,22070,Kingston,NY
501,2013,Chevrolet,66266,4.0,91,16998,19135,Latham,NY
502,2011,Honda,57290,5.0,67,13999,15710,Utica,NY
503,2010,Ford,61788,5.0,2,10499,12875,Hortonville,NY
504,2013,Toyota,15416,5.0,56,14498,16435,Kingston,NY
505,2006,Honda,119000,5.0,16,4800,6766,Schenectady,NY
506,2013,Toyota,30594,4.5,16,16995,18844,East Syracuse,NY
507,2015,Subaru,21137,5.0,169,21000,22904,Oneonta,NY
508,2014,Mercedes-Benz,45864,4.0,55,25888,29362,Albany,NY
509,2005,Nissan,86262,5.0,21,9990,12025,Cohoes,NY
510,2014,Ram,30947,3.5,85,38999,45954,Ithaca,NY
511,2008,Honda,91592,5.0,17,8995,10863,Taylor,PA
512,2006,Chevrolet,81271,5.0,30,6995,9248,Cortland,NY
513,2015,Ford,31351,5.0,44,11495,13376,Sayre,PA
514,2009,Chevrolet,112000,5.0,78,6900,8962,Binghamton,NY
515,2005,GMC,157873,4.5,102,16900,20852,Westmoreland,NY
516,2012,Honda,74163,5.0,8,9900,11713,Endicott,NY
517,2011,Chevrolet,88207,4.5,170,7295,8975,Liverpool,NY
518,2013,Ford,59562,4.5,214,19500,22118,Carthage,NY
519,2006,Honda,140000,4.5,62,5000,6740,Rome,NY
520,2008,BMW,99558,4.5,91,10995,13096,East Syracuse,NY
521,2015,Ford,31536,5.0,46,11495,13367,Sayre,PA
522,2014,Ford,25027,5.0,17,10995,12866,Sayre,PA
523,2005,Ford,178000,3.5,79,5995,9595,Scranton,PA
524,2006,Chevrolet,173000,5.0,59,14900,17742,Binghamton,NY
525,2014,Honda,36744,4.0,67,19995,22136,Albany,NY
526,2011,Chevrolet,52900,4.5,125,4975,6956,Sidney,NY
527,2012,Chevrolet,50000,5.0,120,7995,9737,Binghamton,NY
528,2012,Volkswagen,65362,3.5,1,9995,12156,Scranton,PA
529,2014,BMW,31862,4.5,10,50980,57287,Glenmont,NY
530,2011,Chevrolet,92920,4.5,14,12995,15319,East Syracuse,NY
531,2013,BMW,33785,4.5,37,28100,31294,Glenmont,NY
532,2013,Toyota,42586,4.0,70,12497,14272,Binghamton,NY
533,2012,GMC,58270,4.5,47,25490,28161,Geneva,NY
534,2011,Ford,74331,4.0,119,10888,12968,Dickson City,PA
535,2008,Jeep,99000,5.0,8,11799,13877,Central Square,NY
536,2011,Chevrolet,88065,3.0,59,12995,15745,Auburn,NY
537,2013,Audi,35265,4.5,64,22800,24970,Barneveld,NY
538,2012,Chevrolet,62857,4.5,36,10996,12861,Schenectady,NY
539,2016,Chevrolet,8367,4.5,60,33750,39331,Carthage,NY
540,2007,Ford,89756,5.0,13,7500,9472,Moravia,NY
541,2012,Chevrolet,33267,4.5,1,10900,12718,Troy,NY
542,2014,Ford,69706,4.5,179,10995,13170,Scranton,PA
543,2013,Subaru,36465,3.5,121,18496,20788,Schenectady,NY
544,2007,Dodge,118301,5.0,226,5995,7985,Albany,NY
545,2014,Subaru,30149,5.0,6,18995,20878,Schenectady,NY
546,2005,Dodge,120000,5.0,75,10200,13115,Chittenango,NY
547,2010,GMC,91088,3.5,102,12999,15304,Ithaca,NY
548,2009,Toyota,90660,5.0,38,7950,9664,Binghamton,NY
549,2015,Nissan,22409,4.5,232,8977,11081,Albany,NY
550,2015,Jeep,30941,4.5,83,14800,16767,Clifton Park,NY
551,2013,Kia,72585,4.5,24,11865,13645,Syracuse,NY
552,2014,Nissan,31837,3.5,191,11999,14572,Ithaca,NY
553,2007,Toyota,147010,5.0,191,6850,9223,Rome,NY
554,2006,Chrysler,84096,4.0,15,6899,9365,Kingston,NY
555,2006,Chevrolet,137492,5.0,28,9900,12645,Wysox,PA
556,2013,Chevrolet,45214,4.5,52,14888,16835,East Syracuse,NY
557,2013,Chrysler,49900,4.5,151,9975,12009,Sidney,NY
558,2013,Audi,47143,5.0,149,35995,39273,Oneonta,NY
559,2013,BMW,65478,4.5,4,23880,26778,Latham,NY
560,2016,Chevrolet,11623,4.5,9,36950,41770,Carthage,NY
561,2014,Audi,26762,4.5,387,29995,33145,Albany,NY
562,2009,Lincoln,81925,4.5,79,11000,13431,Rome,NY
563,2012,Chevrolet,59000,5.0,234,9995,11814,Binghamton,NY
564,2015,Mazda,13566,3.5,129,17995,20404,Auburn,NY
565,2014,Mitsubishi,28770,3.5,17,15500,17566,Clifton Park,NY
566,2013,Lincoln,30782,5.0,7,20995,23835,Sayre,PA
567,2013,Nissan,38989,4.0,22,11895,14999,Albany,NY
568,2007,Nissan,105190,5.0,144,10795,13288,Ontario,NY
569,2012,Cadillac,42500,5.0,71,17500,20032,Macedon,NY
570,2008,Jeep,101972,4.5,7,5995,8004,East Syracuse,NY
571,2005,Chevrolet,91510,4.0,85,7995,11749,Syracuse,NY
572,2004,Chevrolet,174369,5.0,43,13499,16566,Rome,NY
573,2014,Chevrolet,21520,4.5,157,19990,25367,Hamilton,NY
574,2016,Kia,15838,5.0,42,25000,29398,Norwich,NY
575,2016,Chevrolet,13034,4.5,52,36950,41749,Carthage,NY
576,2015,Toyota,47005,5.0,80,19334,21420,Scranton,PA
577,2012,Toyota,49518,4.5,16,16999,19258,Endicott,NY
578,2011,Ram,68613,5.0,2,21995,24504,Oswego,NY
579,2010,Mercury,86495,4.5,127,9000,11095,Rome,NY
580,2013,Toyota,31936,5.0,80,22664,25824,Scranton,PA
581,2014,Chevrolet,43864,3.0,283,14000,16246,Cortland,NY
582,2012,Hyundai,42215,4.0,69,15885,17975,Oswego,NY
583,2007,Chevrolet,134100,4.0,72,11995,14493,La Fargeville,NY
584,2015,Toyota,8675,5.0,20,26130,28406,Scranton,PA
585,2014,Ford,39515,4.5,281,10495,12406,Schenectady,NY
586,2006,Buick,141182,3.5,43,3950,6095,Rome,NY
587,2013,Ford,29024,4.0,70,16500,19268,Albany,NY
588,2011,Buick,11468,5.0,6,13300,15299,Vestal,NY
589,2016,Chevrolet,14536,4.5,24,36950,41726,Carthage,NY
590,2006,Chevrolet,119193,4.5,1,13800,17680,Westmoreland,NY
591,2009,Ford,92127,3.5,314,17999,21639,Taylor,PA
592,2014,Ford,17771,4.5,141,13999,16006,Phoenix,NY
593,2014,Volkswagen,68000,4.0,149,10285,12518,Oswego,NY
594,2012,Nissan,42346,3.5,160,14495,17123,Bridgeport,NY
595,2015,Dodge,25332,4.0,48,26500,29644,Albany,NY
596,2013,Subaru,34943,4.5,121,15295,16968,Schenectady,NY
597,2010,Ford,83875,5.0,45,10995,12891,Sayre,PA
598,2013,Chevrolet,71328,4.0,77,20685,23607,Oswego,NY
599,2005,Volvo,126167,4.0,94,2990,5000,Scranton,PA
600,2014,BMW,52459,4.5,16,39880,44491,Latham,NY
601,2010,Ford,127000,4.0,72,7995,12274,Wysox,PA
602,2010,Chevrolet,71751,3.5,113,7995,9969,Auburn,NY
603,2014,Cadillac,19686,5.0,282,19990,22191,Vestal,NY
604,2011,Kia,70304,4.0,29,8995,11018,Norwich,NY
605,2004,Toyota,98424,4.0,70,8995,11403,Central Square,NY
606,2014,Nissan,67614,5.0,243,11999,15058,Elmira,NY
607,2012,Jeep,79762,5.0,105,12000,14179,Victor,NY
608,2015,BMW,19631,5.0,23,31276,35104,Scranton,PA
609,2006,Ford,76690,5.0,46,13000,15556,Clinton,NY
610,2002,Honda,138507,4.5,149,2995,4582,Endicott,NY
611,2013,Chevrolet,33645,3.5,181,13498,15421,AMSTERDAM,NY
612,2013,Mercedes-Benz,36928,5.0,8,20500,23108,Endicott,NY
613,2006,Nissan,87563,5.0,78,8995,11473,Cortland,NY
614,2006,GMC,97063,4.0,315,9495,12296,Cicero,NY
615,2010,Mercedes-Benz,28956,4.0,164,17999,20154,Wolcott,NY
616,2013,Ford,29633,4.5,260,17600,19849,Latham,NY
617,2014,Mitsubishi,22333,5.0,51,15881,17830,Scranton,PA
618,2011,Ford,60904,3.5,212,21999,25322,Taylor,PA
619,2013,Ford,48862,3.5,32,10995,13531,Watertown,NY
620,2012,Ford,72371,4.5,15,21990,25808,Wysox,PA
621,2014,Ram,15854,3.5,1,26562,29530,Watertown,NY
622,2014,Ford,25203,5.0,351,21870,24693,Auburn,NY
623,2014,Ford,9377,5.0,50,15673,17764,Elmira,NY
624,2012,Jeep,83746,3.5,1,10995,12897,Bridgeport,NY
625,2014,Ford,42783,5.0,60,24548,27369,Elmira,NY
626,2012,Chevrolet,89000,4.5,35,24500,27343,Apalachin,NY
627,2011,Chevrolet,2620,5.0,317,39499,43934,Vestal,NY
628,2014,Toyota,40360,5.0,20,16989,18894,Kingston,NY
629,2016,GMC,18110,5.0,1,34990,38172,CICERO,NY
630,2004,Infiniti,117521,5.0,155,4095,5835,Scranton,PA
631,2009,Toyota,144900,4.5,46,5775,7525,Sidney,NY
632,2013,Ford,72094,4.5,155,21995,25321,Troy,NY
633,2011,Ford,102766,4.5,67,8995,10903,East Syracuse,NY
634,2011,Chevrolet,48021,5.0,169,18995,21612,Kingston,NY
635,2013,Ford,63437,5.0,49,18495,20807,Fayetteville,NY
636,2011,Ford,101122,4.5,60,12500,14603,Westmoreland,NY
637,2008,Mercedes-Benz,79870,3.5,1,13995,16680,Bridgeport,NY
638,2012,Land Rover,36284,5.0,8,24888,27510,Latham,NY
639,2013,Mercedes-Benz,24127,5.0,8,42900,46996,Endicott,NY
640,2015,Jeep,43502,4.5,106,14500,16376,Latham,NY
641,2010,Subaru,72767,5.0,404,9500,11238,Brewerton,NY
642,2011,Hyundai,90642,4.0,129,7974,9895,Canandaigua,NY
643,2009,Dodge,91503,4.0,186,7995,9922,Schenectady,NY
644,2012,Chrysler,63000,5.0,370,8995,10959,Cortland,NY
645,2012,Honda,90400,4.5,62,14900,16975,Endicott,NY
646,2007,Hyundai,118694,5.0,128,3500,4976,Fairport,NY
647,2008,Buick,78840,3.0,16,6995,9084,Scranton,PA
648,2012,Honda,38850,5.0,120,10950,12605,Syracuse,NY
649,2011,Subaru,77485,3.5,15,13995,16416,East Greenbush,NY
650,2011,Mercedes-Benz,55862,4.5,9,36991,41770,Latham,NY
651,2010,Honda,97555,5.0,53,13995,15929,Schenectady,NY
652,2013,Ford,102445,4.5,4,8995,11146,Scranton,PA
653,2008,Toyota,99823,4.5,49,14855,17019,Endicott,NY
654,2007,Subaru,100041,4.5,168,6295,8090,Scott Township,PA
655,2011,Chevrolet,123121,5.0,14,20995,26094,Albany,NY
656,2015,Ford,20250,5.0,45,19000,21395,Victor,NY
657,2014,Jeep,26000,4.5,94,15900,17545,Apalachin,NY
658,2010,Chevrolet,92585,4.5,161,7595,9531,Troy,NY
659,2011,Chevrolet,77318,4.0,29,16995,20879,Cohoes,NY
660,2010,Hyundai,54908,5.0,50,12979,14987,Yorkville,NY
661,2010,Ford,47892,5.0,54,16900,20944,Hamilton,NY
662,2011,Ford,40376,4.0,2,19971,22373,Canandaigua,NY
663,2009,Ford,76640,4.0,42,10999,13935,Binghamton,NY
664,2013,Toyota,15273,5.0,66,18395,20514,Kingston,NY
665,2014,Toyota,31715,5.0,157,19174,21256,Scranton,PA
666,2011,Ram,72207,4.5,64,18999,21718,Ellenville,NY
667,2007,Hyundai,91223,5.0,1,6795,8552,Albany,NY
668,2013,Honda,35622,4.0,14,11999,13551,Ithaca,NY
669,2005,Subaru,150166,4.0,188,3995,5687,Saugerties,NY
670,2013,Ford,46214,4.0,227,17500,20244,Wolcott,NY
671,2011,Mercedes-Benz,31040,4.5,37,16995,19898,East Syracuse,NY
672,2009,Nissan,98250,5.0,3,10300,12313,Menands,NY
673,2013,BMW,40955,5.0,2,21990,24523,Syracuse,NY
674,2014,Kia,24817,5.0,14,20615,22831,Vestal,NY
675,2015,Toyota,11448,4.0,71,25999,29571,Kingston,NY
676,2016,Chevrolet,10158,4.5,112,33750,39034,Carthage,NY
677,2013,Toyota,23815,4.0,68,14647,16548,Albany,NY
678,2008,GMC,96208,5.0,17,16995,19717,Brewerton,NY
679,2010,Honda,54889,3.5,71,11998,13809,Liverpool,NY
680,2011,Ram,114487,4.5,70,15995,18671,East Syracuse,NY
681,2015,Honda,15461,4.5,2,22900,25022,Troy,NY
682,2013,Ford,21245,4.0,80,30999,34518,Farmington,NY
683,2013,Buick,58248,4.0,77,16500,18509,Clinton,NY
684,2013,Ford,73903,3.0,20,26850,30402,Geneva,NY
685,2010,GMC,95304,3.5,125,13995,16596,Bridgeport,NY
686,2013,BMW,22131,4.5,99,23999,26619,Endicott,NY
687,2012,Chevrolet,72969,5.0,50,17999,20388,Tunkhannock,PA
688,2014,Chevrolet,32771,3.0,347,13500,15963,Tully,NY
689,2012,Ford,70284,5.0,70,21500,24529,Albany,NY
690,2005,Jeep,110232,2.5,8,5999,8435,Central Square,NY
691,2016,Chrysler,17863,4.5,121,22502,24456,Carthage,NY
692,2016,Chevrolet,10333,4.5,73,33750,39005,Carthage,NY
693,2009,Jeep,111560,5.0,80,17206,20163,Canandaigua,NY
694,2013,Volkswagen,30180,5.0,136,17490,19658,Victor,NY
695,2009,Honda,86342,5.0,120,6950,8592,Syracuse,NY
696,2014,GMC,19514,4.5,112,30999,34312,Sidney,NY
697,2009,Mitsubishi,117310,1.0,64,7995,10304,Marcy,NY
698,2014,Ram,21260,5.0,66,29995,32275,Oneonta,NY
699,2007,Mercury,93043,5.0,70,7490,9532,Cohoes,NY
700,2011,Ram,71583,4.5,15,18971,23284,LATHAM,NY
701,2012,Chevrolet,36621,4.5,15,14995,17271,Monticello,NY
702,2016,Ford,3302,4.0,24,23999,26849,Kingston,NY
703,2010,Nissan,91381,5.0,99,7995,10152,Kingston,NY
704,2010,Hyundai,94000,5.0,24,10800,12839,Sauquoit,NY
705,2012,Chevrolet,68000,5.0,7,11995,13699,Binghamton,NY
706,2013,GMC,78326,4.0,157,21999,24237,Wolcott,NY
707,2014,MINI,30551,3.5,191,15000,18047,Clifton Park,NY
708,2009,Subaru,110565,3.5,1,7495,9415,Glenville,NY
709,2011,Buick,55104,4.5,127,14920,16827,CANANDAIGUA,NY
710,2013,Toyota,58542,5.0,35,25112,28453,Scranton,PA
711,2011,Chevrolet,74000,4.0,10,27500,31286,Albany,NY
712,2007,Chevrolet,8000,5.0,17,31000,33951,Endicott,NY
713,2010,Honda,112800,4.5,60,10975,12611,Sidney,NY
714,2015,Nissan,5132,4.0,169,14997,17346,Albany,NY
715,2014,Toyota,38137,4.0,27,15997,17935,Latham,NY
716,2015,Toyota,23873,5.0,105,21398,23381,Kingston,NY
717,2011,Chevrolet,42639,5.0,154,26490,29512,Auburn,NY
718,2013,GMC,54820,4.0,52,23109,25657,Lake Katrine,NY
719,2012,Buick,39623,4.0,85,15495,17609,Sodus,NY
720,2011,Mercedes-Benz,61808,4.5,43,21400,23973,Clifton Park,NY
721,2009,Mercedes-Benz,75106,4.5,23,12995,15031,East Syracuse,NY
722,2011,Toyota,85535,4.0,106,12999,15366,Ithaca,NY
723,2013,Volvo,21918,4.5,35,28950,31902,Glenmont,NY
724,2014,Ford,22083,5.0,53,29995,34786,Scranton,PA
725,2016,GMC,2594,5.0,13,32985,36161,Scranton,PA
726,2008,Audi,105000,5.0,3,7900,9911,Syracuse,NY
727,2005,Chevrolet,128084,3.0,41,6988,10255,Westmoreland,NY
728,2006,GMC,140570,5.0,28,4995,7257,Boonville,NY
729,2013,Toyota,71389,5.0,44,23800,26758,Scranton,PA
730,2016,Ford,5448,5.0,42,20995,23188,Scranton,PA
731,2014,Subaru,29247,5.0,6,17895,19796,Scranton,PA
732,2016,Ram,13826,1.5,69,26900,31009,Schenectady,NY
733,2010,Chevrolet,78538,4.5,45,11995,14320,Cortland,NY
734,2015,Ford,20619,5.0,241,10300,11921,Rome,NY
735,2010,BMW,94889,4.5,106,11295,13388,East Syracuse,NY
736,2015,Mazda,18325,4.5,101,15995,18092,Syracuse,NY
737,2016,Audi,7061,5.0,3,38999,42432,Latham,NY
738,2013,Toyota,38208,4.5,73,29499,32716,Endicott,NY
739,2016,Chevrolet,10977,4.5,52,33750,38898,Carthage,NY
740,2013,Chevrolet,42411,4.5,137,24987,27836,Carthage,NY
741,2014,Ford,15993,4.5,76,29595,32751,Troy,NY
742,2013,Chevrolet,33060,4.5,48,24780,27245,Endicott,NY
743,2015,Ford,19863,4.5,112,25998,28281,Carthage,NY
744,2015,Ford,551,4.0,260,22988,25427,Dickson City,PA
745,2013,BMW,38935,4.5,77,27998,30548,Scranton,PA
746,2015,Ford,34612,5.0,45,11495,13209,Sayre,PA
747,2015,Toyota,19572,5.0,60,37109,39344,Scranton,PA
748,2012,Chevrolet,41000,4.0,9,8749,10533,Albany,NY
749,2016,Hyundai,14143,3.0,171,18560,21493,Watertown,NY
750,2013,GMC,87292,4.0,45,21498,23673,Lake Katrine,NY
751,2014,Chevrolet,104676,4.0,90,11495,13507,Albany,NY
752,2014,Ford,24250,5.0,128,13206,15184,Canandaigua,NY
753,2007,Dodge,52433,4.5,12,12000,15564,Brewerton,NY
754,2015,Ford,33108,4.0,65,16788,19062,Dickson City,PA
755,2015,Ford,22393,4.0,136,19988,22413,Dickson City,PA
756,2015,Chevrolet,16695,4.5,78,30950,34431,Carthage,NY
757,2012,Ram,64508,5.0,2,20300,22589,Tunkhannock,PA
758,2010,Dodge,71624,4.5,36,6495,8378,Scott Township,PA
759,2009,Nissan,45276,5.0,66,7577,9176,Cortland,NY
760,2014,Chevrolet,50985,4.5,4,11995,14063,Scranton,PA
761,2010,Honda,77624,5.0,54,12500,14193,Victor,NY
762,2010,Dodge,126249,3.0,93,3995,6270,Scranton,PA
763,2014,GMC,46677,4.0,80,26900,29394,Kingston,NY
764,2009,GMC,42283,4.5,20,17990,20018,Wysox,PA
765,2011,Chevrolet,89064,4.5,72,14700,16706,Rome,NY
766,2015,Jeep,29512,4.0,169,28989,31992,Albany,NY
767,2009,BMW,70220,5.0,2,11450,13174,Binghamton,NY
768,2013,GMC,35559,4.5,116,31674,33902,Syracuse,NY
769,2013,Dodge,31336,4.5,68,22723,25092,Rome,NY
770,2010,Jeep,100734,4.5,30,10995,12798,East Syracuse,NY
771,2006,Honda,131000,5.0,101,6995,9074,Schenectady,NY
772,2007,Ford,93630,5.0,144,14495,16962,Schenectady,NY
773,2012,BMW,81000,4.0,7,24100,27464,Albany,NY
774,2009,GMC,100759,4.0,44,15995,18292,Binghamton,NY
775,2012,Ford,105228,3.5,8,7495,9555,Bridgeport,NY
776,2011,Kia,45001,4.0,130,9974,11945,Canandaigua,NY
777,2005,Subaru,169724,5.0,5,3650,5344,Ilion,NY
778,2012,Hyundai,88581,4.0,70,7995,9792,Binghamton,NY
779,2011,Dodge,51000,5.0,16,13990,15965,Oneida,NY
780,2015,Hyundai,30523,5.0,32,17495,19408,Elmira,NY
781,2015,Ford,10112,5.0,17,19995,22033,Sayre,PA
782,2015,Hyundai,16368,5.0,16,15888,18265,SYRACUSE,NY
783,2013,Chevrolet,50443,4.5,76,15847,17659,Syracuse,NY
784,2016,Jeep,12117,4.5,1,16999,19056,Fulton,NY
785,2009,Chevrolet,114076,3.5,21,16995,19614,Bridgeport,NY
786,2013,Honda,25321,4.5,13,13499,15003,Cortland,NY
787,2005,Dodge,103000,4.5,85,10100,12498,Rome,NY
788,2015,Chevrolet,41337,4.0,86,37985,41530,Oswego,NY
789,2015,GMC,1456,5.0,150,33339,37738,Scranton,PA
790,2012,BMW,41863,4.5,8,24770,27567,Latham,NY
791,2010,GMC,65570,4.0,21,13995,16140,Ballston Spa,NY
792,2009,Chevrolet,75396,5.0,80,7995,9699,Rome,NY
793,2013,Honda,28000,5.0,16,12500,13943,Deansboro,NY
794,2013,Chevrolet,46470,4.0,45,16000,17949,Troy,NY
795,2014,Ford,98841,4.0,1,13997,16330,Binghamton,NY
796,2014,Subaru,32177,5.0,6,18995,20706,Schenectady,NY
797,2012,Dodge,116625,5.0,16,18450,21190,Binghamton,NY
798,2012,Chevrolet,74000,4.5,139,8975,10764,Sidney,NY
799,2011,Chevrolet,9937,4.0,105,40888,44574,Dickson City,PA
800,2006,Pontiac,101366,4.0,18,5999,7840,Wolcott,NY
801,2015,Chevrolet,9859,5.0,56,29733,32962,Auburn,NY
802,2011,Hyundai,72418,5.0,14,9299,11249,Albany,NY
803,2010,Toyota,71434,4.0,77,21901,24446,Canandaigua,NY
804,2013,Chevrolet,36889,4.0,277,22495,24629,Farmington,NY
805,2014,BMW,36045,4.5,28,46880,52436,Latham,NY
806,2014,Ford,35817,4.0,163,33023,35919,Albany,NY
807,2007,Chevrolet,97095,4.0,99,14695,17232,Cicero,NY
808,2015,Honda,14219,5.0,18,13995,15308,Elmira,NY
809,2010,Dodge,31734,4.0,86,26000,27924,Wolcott,NY
810,2011,Honda,49347,4.5,44,23000,25035,Clifton Park,NY
811,2011,Chevrolet,117672,5.0,98,19000,21766,Victor,NY
812,2011,Chevrolet,105000,4.5,92,5900,7567,Rome,NY
813,2013,Ford,80044,4.0,16,12995,15030,CICERO,NY
814,2015,Honda,32384,4.5,56,23499,25613,Ellenville,NY
815,2013,Kia,97329,4.5,1,6999,8478,Sidney,NY
816,2015,Ford,19412,4.0,113,15979,18217,Dickson City,PA
817,2011,Nissan,40000,4.0,117,12995,14889,Saugerties,NY
818,2010,Mercedes-Benz,106469,5.0,31,23964,27715,Latham,NY
819,2007,Ford,75116,3.5,31,11995,15130,Glenville,NY
820,2013,Volvo,17400,4.0,549,28988,32182,Pulaski,NY
821,2011,Dodge,65949,5.0,78,9000,10843,Vestal,NY
822,2013,Nissan,58061,4.5,67,12888,14773,Rensselaer,NY
823,2011,Chevrolet,5261,4.0,77,17999,20123,Syracuse,NY
824,2006,Honda,145931,4.5,41,5295,6930,Fulton,NY
825,2008,Dodge,132675,4.0,13,5999,7841,Dickson City,PA
826,2014,Jeep,18673,5.0,60,24994,27311,Elmira,NY
827,2009,Chevrolet,88000,5.0,116,16995,19247,Ballston Spa,NY
828,2016,GMC,10765,4.5,78,23390,26190,Williamson,NY
829,2016,Ford,10705,4.5,23,33750,37872,Carthage,NY
830,2006,Chevrolet,100081,4.5,23,9400,11626,Ellenville,NY
831,2014,Chevrolet,40192,5.0,1,9995,11515,Ontario,NY
832,2011,Honda,72000,4.0,35,13995,15599,Auburn,NY
833,2014,Mazda,23276,4.5,101,22995,24790,Syracuse,NY
834,2008,Jeep,119000,4.0,25,5499,7388,Scranton,PA
835,2014,Ford,52850,4.0,35,19995,22209,Kingston,NY
836,2008,Honda,136676,4.5,17,7350,9179,Barneveld,NY
837,2014,Ford,36794,5.0,115,25361,28109,Vestal,NY
838,2014,Kia,49000,4.0,112,11995,13773,Auburn,NY
839,2011,Buick,39883,4.0,17,17999,20112,Farmington,NY
840,2011,Chevrolet,65491,5.0,13,10000,11795,Norwich,NY
841,2014,Jeep,51566,3.5,102,22500,25098,Yorkville,NY
842,2014,Chevrolet,44004,4.5,47,7990,9893,Geneva,NY
843,2009,Kia,131000,4.5,116,3295,4919,Scott Township,PA
844,2015,Kia,31682,4.0,13,11000,12806,Albany,NY
845,2008,Honda,70241,4.5,17,9999,11910,Yorkville,NY
846,2015,Jeep,18509,3.0,116,16855,19504,Saratoga Springs,NY
847,2009,Chevrolet,34619,5.0,45,30999,36009,Phoenix,NY
848,2015,Toyota,42864,5.0,69,12224,13921,Kingston,NY
849,2014,Toyota,22784,5.0,177,18474,20655,Scranton,PA
850,2015,Jeep,30887,4.5,83,15000,16771,Clifton Park,NY
851,2012,Kia,75694,4.0,57,16399,18642,Kingston,NY
852,2013,Toyota,26920,5.0,135,18605,20729,Scranton,PA
853,2013,Hyundai,69761,3.5,71,14000,16401,Clifton Park,NY
854,2016,Chevrolet,641,5.0,51,16124,18648,Scranton,PA
855,2014,Nissan,31190,4.5,2,12900,14862,Troy,NY
856,2009,Ford,111125,4.0,104,5995,7813,Cortland,NY
857,2013,Chevrolet,52121,4.5,18,10995,12550,Fayetteville,NY
858,2013,Jeep,32762,5.0,60,12716,14315,Elmira,NY
859,2007,Chevrolet,126988,4.5,96,13999,16915,Towanda,PA
860,2016,Ford,11135,4.5,37,33750,37826,Carthage,NY
861,2008,Jeep,90022,2.5,70,8495,10709,Central Square,NY
862,2013,Subaru,40807,3.0,244,18500,20475,Cortland,NY
863,2013,Chevrolet,43400,3.0,1,30000,33299,Saugerties,NY
864,2012,Volvo,77858,4.0,400,19999,21903,Syracuse,NY
865,2003,Chevrolet,144000,3.0,100,3995,6218,Schenectady,NY
866,2013,Ford,25162,5.0,8,13495,15250,Scranton,PA
867,2014,Chevrolet,25947,5.0,431,22989,25228,Vestal,NY
868,2014,Chevrolet,30166,5.0,81,12995,14859,Elmira,NY
869,2013,Ford,48659,5.0,7,23999,26713,Hortonville,NY
870,2013,Nissan,36000,4.5,327,13200,15492,Rome,NY
871,2014,Nissan,42361,4.0,105,15995,19200,Binghamton,NY
872,2010,BMW,127035,4.0,133,11888,13910,Syracuse,NY
873,2011,Buick,81380,5.0,141,9700,11499,Watervliet,NY
874,2013,Honda,38079,5.0,60,15998,17457,Elmira,NY
875,2013,Hyundai,44153,5.0,465,16960,19272,Scranton,PA
876,2016,Honda,11814,3.0,17,27995,31198,Auburn,NY
877,2014,Hyundai,42228,5.0,23,9307,11072,Kingston,NY
878,2015,GMC,26890,4.5,10,31595,33891,Painted Post,NY
879,2014,Nissan,16618,5.0,51,14995,17247,Watertown,NY
880,2016,Ford,11402,4.5,24,33750,37797,Carthage,NY
881,2013,Cadillac,18108,4.5,21,26999,29532,Sidney,NY
882,2008,BMW,92500,5.0,9,10495,12385,Boonville,NY
883,2013,Chevrolet,15027,4.5,115,19579,21749,Glenmont,NY
884,2012,Ford,82641,4.0,3,17497,20234,Binghamton,NY
885,2011,Ford,120893,4.0,2,12995,15616,Albany,NY
886,2010,Hyundai,66424,4.5,7,10888,12597,East Syracuse,NY
887,2014,Chevrolet,37092,4.0,260,14385,16491,Oswego,NY
888,2010,Volkswagen,71832,4.5,7,7995,9851,Rensselaer,NY
889,2014,Chevrolet,30872,4.5,72,11775,13327,Endicott,NY
890,2010,Toyota,90300,4.0,41,9999,12034,Johnstown,NY
891,2015,Fiat,8900,4.5,140,10975,12752,Sidney,NY
892,2007,Mazda,122203,3.0,2,3995,5702,Scranton,PA
893,2003,Lexus,81460,5.0,45,6495,8355,Cortland,NY
894,2014,Jeep,21020,4.5,148,28500,30691,Troy,NY
895,2011,Chevrolet,101000,4.0,64,22997,25769,Round Lake,NY
896,2011,Ford,70130,5.0,124,11500,13118,Vestal,NY
897,2016,Chrysler,12577,5.0,98,23599,25510,Tunkhannock,PA
898,2010,Ford,100450,4.5,4,9995,12081,Troy,NY
899,2011,Nissan,54795,4.0,4,6488,8587,Oneonta,NY
900,2010,Ford,95796,5.0,22,14990,18364,Vestal,NY
901,2014,Ford,9767,5.0,49,26999,31990,Eynon,PA
902,2006,Lexus,143925,4.5,134,8495,10584,Hudson,NY
903,2013,Chevrolet,40989,4.0,36,13600,15328,Kingston,NY
904,2007,Toyota,93046,4.5,37,6995,8571,East Syracuse,NY
905,2015,Toyota,9755,5.0,149,28875,31663,Scranton,PA
906,2014,Mitsubishi,33000,4.5,18,11900,13657,Apalachin,NY
907,2015,Chrysler,15695,4.5,220,20500,22859,Troy,NY
908,2015,Jeep,9695,5.0,32,16922,18731,Schenectady,NY
909,2011,Dodge,106432,5.0,25,10829,12565,Tunkhannock,PA
910,2012,Jeep,66699,4.0,114,17999,20246,Farmington,NY
911,2006,Mazda,26000,4.5,9,10900,12827,Apalachin,NY
912,2007,Jeep,81790,5.0,36,6499,8322,Albany,NY
913,2013,Buick,32649,4.0,50,14995,16914,Albany,NY
914,2012,Toyota,31566,4.0,112,14999,16863,Peckville,PA
915,2008,Honda,97989,4.0,80,9938,11680,Albany,NY
916,2010,Toyota,50625,4.0,57,14500,17062,Wolcott,NY
917,2016,Ford,12026,4.5,23,33750,37729,Carthage,NY
918,2010,Honda,100155,4.0,72,12235,13963,Lake Katrine,NY
919,2014,Nissan,32295,4.5,3,12900,14810,Troy,NY
920,2013,Ford,32299,3.5,65,12495,14466,Glenville,NY
921,2016,Toyota,6751,5.0,36,17312,19628,Kingston,NY
922,2015,Honda,4979,5.0,9,25495,27097,Troy,NY
923,2014,Chevrolet,27900,4.5,190,13775,15760,Sidney,NY
924,2015,Hyundai,12579,5.0,151,17990,21041,West Coxsackie,NY
925,2013,Ford,40000,5.0,7,9995,11564,Binghamton,NY
926,2015,GMC,44786,4.5,18,51500,54905,Syracuse,NY
927,2009,GMC,79366,5.0,196,17995,20043,Schenectady,NY
928,2014,Honda,3331,4.0,79,12995,14859,Albany,NY
929,2013,Toyota,43805,5.0,105,23899,26071,Kingston,NY
930,2008,Nissan,96661,5.0,56,10308,12340,Auburn,NY
931,2015,Chevrolet,60067,5.0,27,43872,47955,Vestal,NY
932,2015,Dodge,27040,3.0,141,17500,19924,Fayetteville,NY
933,2013,Toyota,40180,4.5,67,25995,28361,East Syracuse,NY
934,2013,Audi,25974,5.0,114,26500,28984,Latham,NY
935,2005,GMC,71845,4.0,17,11585,13769,Oswego,NY
936,2010,Volvo,56589,4.0,37,13995,16394,Kingston,NY
937,2012,Ford,26346,4.0,1,9497,11209,Binghamton,NY
938,2011,Ford,90766,4.5,51,9999,11641,Sidney,NY
939,2015,Hyundai,21179,5.0,156,10878,12530,Kingston,NY
940,2008,Ford,53981,3.5,25,15367,17306,Schenectady,NY
941,2008,Honda,92544,5.0,79,11000,12809,Victor,NY
942,2014,Chevrolet,72280,4.0,126,14385,16378,Oswego,NY
943,2011,Acura,74000,5.0,59,22500,25094,Clay,NY
944,2012,Dodge,69051,4.0,112,15000,17099,Wolcott,NY
945,2013,Chevrolet,46252,4.0,53,12000,13530,Albany,NY
946,2007,Subaru,131441,4.5,283,6499,8247,Victor,NY
947,2014,Honda,44530,4.0,67,19995,21862,Albany,NY
948,2014,Ford,19525,4.5,46,28400,31133,Troy,NY
949,2012,Ford,82108,3.5,132,12995,15096,Glenville,NY
950,2014,Chevrolet,30856,5.0,10,15995,17747,Scranton,PA
951,2013,BMW,28094,4.5,66,28500,31633,Glenmont,NY
952,2012,Volkswagen,45641,5.0,115,12500,14936,Victor,NY
953,2011,Ram,47308,5.0,55,20995,24688,Yorkville,NY
954,2006,Buick,105076,5.0,29,4995,6620,Scranton,PA
955,2008,Dodge,123000,4.0,46,19995,24050,Wysox,PA
956,2007,Dodge,83010,5.0,37,5995,7865,Gloversville,NY
957,2003,Dodge,125120,4.0,9,5995,8114,Germantown,NY
958,2006,Dodge,151000,4.0,29,5999,8009,Rensselaer,NY
959,2009,Audi,32050,3.5,1,15995,18264,Glenville,NY
960,2015,Toyota,47596,5.0,65,12053,13688,Kingston,NY
961,2012,Jeep,39182,3.5,15,14900,16954,Geneva,NY
962,2008,Ford,62963,5.0,116,13495,15511,Ontario,NY
963,2015,Ram,15509,5.0,346,27990,30492,Scranton,PA
964,2011,GMC,83102,5.0,10,21922,24139,Schenectady,NY
965,2014,Honda,40175,4.0,79,19995,21856,Albany,NY
966,2015,Chevrolet,18036,3.5,168,12982,14936,Amsterdam,NY
967,2010,Chevrolet,91615,5.0,53,9250,11237,Binghamton,NY
968,2004,Jeep,140000,4.0,128,3799,5504,Scranton,PA
969,2014,Toyota,18080,4.0,199,27988,30556,Dickson City,PA
970,2008,Lincoln,44878,5.0,2,9995,11937,Sayre,PA
971,2011,Kia,49026,5.0,51,12994,14748,Vestal,NY
972,2007,Hyundai,39174,4.0,1,9195,10714,YORKVILLE,NY
973,2011,Jeep,96514,4.5,169,10999,12628,Phoenix,NY
974,2013,Dodge,23059,5.0,207,10990,12720,Elbridge,NY
975,2006,Chevrolet,205200,4.5,29,5500,8335,Westmoreland,NY
976,2016,Ford,12692,4.5,52,33750,37656,Carthage,NY
977,2015,Lincoln,35029,3.5,32,26995,30620,Auburn,NY
978,2013,Honda,15527,5.0,86,13000,14318,Glenville,NY
979,2011,Kia,60020,5.0,15,12995,14671,Scranton,PA
980,2013,Chevrolet,42371,5.0,32,37860,40421,AUBURN,NY
981,2014,Kia,31325,4.0,198,13000,14698,Schenectady,NY
982,2012,GMC,86202,3.0,186,22495,25101,Auburn,NY
983,2008,Nissan,98818,4.0,21,7999,9835,Ithaca,NY
984,2012,Buick,35512,5.0,787,12990,14679,Scranton,PA
985,2012,Lincoln,28055,4.5,9,18500,20533,Troy,NY
986,2006,Ford,61640,3.5,21,7995,9695,Yorkville,NY
987,2014,Mazda,22009,4.0,93,26659,28908,Lake Katrine,NY
988,2013,Jeep,52973,4.5,12,25495,27714,Ellenville,NY
989,2015,Dodge,49287,3.0,81,32667,35846,ALBANY,NY
990,2014,Toyota,22601,4.0,68,15997,18048,Albany,NY
991,2014,Chrysler,54573,4.0,30,15999,18312,Binghamton,NY
992,2013,Dodge,18271,5.0,78,21983,24222,Vestal,NY
993,2015,Toyota,6687,5.0,101,29400,32315,Scranton,PA
994,2013,Honda,34751,4.0,66,12285,13671,Oswego,NY
995,2010,Subaru,85000,4.0,240,9995,11634,Phoenix,NY
996,2014,Mazda,31800,4.0,77,24985,27300,Oswego,NY
997,2014,Audi,62657,4.5,112,34995,37932,Clifton Park,NY
998,2013,Honda,31789,4.0,69,11999,13397,Ithaca,NY
999,2014,Chrysler,27231,5.0,92,12999,14555,Tunkhannock,PA
1000,2007,Chevrolet,165812,5.0,23,11975,14532,Binghamton,NY
1001,2016,Ford,13024,4.5,23,33750,37620,Carthage,NY
1002,2001,Audi,112245,5.0,96,6000,8017,Williamson,NY
1003,2014,Ford,47765,3.0,189,25000,28116,Fayetteville,NY
1004,2013,Chrysler,34886,4.0,58,22319,24728,Lake Katrine,NY
1005,2014,Toyota,17154,5.0,105,27994,30712,Kingston,NY
1006,2006,Chevrolet,148000,5.0,59,9999,12623,Schenectady,NY
1007,2014,Dodge,32893,5.0,178,31990,34243,Elbridge,NY
1008,2012,Hyundai,56804,4.5,345,13995,15783,Cortland,NY
1009,2015,Acura,25596,4.0,47,25500,27866,Troy,NY
1010,2013,Kia,40401,4.5,1,14995,16567,Syracuse,NY
1011,2016,Chevrolet,20762,5.0,8,23990,26486,CICERO,NY
1012,2011,Chevrolet,75152,5.0,231,8500,10267,Hannibal,NY
1013,2008,BMW,117136,5.0,17,9485,11283,Binghamton,NY
1014,2013,Ford,29434,4.5,2,13995,15658,Burnt Hills,NY
1015,2016,Chrysler,27292,5.0,44,21995,23764,Sayre,PA
1016,2016,Chevrolet,15512,4.5,130,14963,17034,Carthage,NY
1017,2004,Chevrolet,158651,4.0,179,6850,9219,Albany,NY
1018,2009,Toyota,116562,5.0,1,8495,10135,Albany,NY
1019,2015,GMC,20091,4.5,92,25999,28042,Ellenville,NY
1020,2014,Buick,10128,4.0,88,17507,19672,Albany,NY
1021,2011,Kia,94000,4.5,175,10900,12527,Apalachin,NY
1022,2006,GMC,118031,5.0,226,9800,12837,Hannibal,NY
1023,2013,Buick,23583,4.0,68,15988,17828,Pulaski,NY
1024,2012,Suzuki,80971,5.0,39,7997,9703,Latham,NY
1025,2014,Chevrolet,19396,4.0,146,13462,15348,Albany,NY
1026,2009,Audi,108320,5.0,128,10295,12411,Albany,NY
1027,2013,Honda,84655,5.0,44,21950,24077,Binghamton,NY
1028,2014,Honda,57101,4.0,1,18982,20811,Albany,NY
1029,2014,BMW,23342,4.5,9,25980,27917,Glenmont,NY
1030,2006,Buick,80930,3.5,24,4995,6816,Glenville,NY
1031,2013,Lincoln,41625,5.0,46,19995,22396,Sayre,PA
1032,2006,Chrysler,62251,2.5,44,4990,6911,Auburn,NY
1033,2012,GMC,90465,4.0,9,13999,16187,Syracuse,NY
1034,2013,BMW,19497,4.5,64,26500,29144,Endicott,NY
1035,2005,Mazda,113322,4.5,66,3995,5609,East Syracuse,NY
1036,2014,Dodge,45392,4.5,4,13888,16210,East Syracuse,NY
1037,2013,Ford,44600,4.5,162,9995,11715,Liverpool,NY
1038,2011,Acura,64000,5.0,67,17500,19398,Kinderhook,NY
1039,2010,GMC,122208,4.0,17,18999,21137,Cohoes,NY
1040,2012,Subaru,24851,5.0,56,16995,18390,Latham,NY
1041,2011,Hyundai,43765,3.5,136,9995,11777,Auburn,NY
1042,2016,Jeep,14515,4.5,1,16999,18794,Fulton,NY
1043,2016,Ford,13493,4.5,36,33750,37569,Carthage,NY
1044,2013,BMW,44587,4.5,32,23500,26337,Glenmont,NY
1045,2010,Nissan,124000,3.0,46,10995,13006,Schenectady,NY
1046,2010,Toyota,114679,5.0,13,7695,9247,Albany,NY
1047,2009,Toyota,79009,4.5,56,8900,10469,Latham,NY
1048,2016,Ford,13550,4.5,23,33750,37563,Carthage,NY
1049,2015,Honda,26431,3.5,28,21298,22971,Schenectady,NY
1050,2014,Ford,34000,4.5,105,25899,28358,Vestal,NY
1051,2014,Toyota,51860,5.0,77,13266,14842,Kingston,NY
1052,2011,Ford,74113,5.0,7,25795,28321,Albany,NY
1053,2012,BMW,45746,4.5,98,28900,31923,Latham,NY
1054,2014,Ford,47610,5.0,55,15989,18252,Geneva,NY
1055,2012,Toyota,64170,4.0,79,23599,25999,Kingston,NY
1056,2012,Kia,34889,3.5,13,8995,10770,North Syracuse,NY
1057,2013,Toyota,45803,5.0,134,17549,19546,Scranton,PA
1058,2013,Ford,15809,5.0,420,18990,21093,Elbridge,NY
1059,2011,Volkswagen,117314,4.0,42,8000,10118,Troy,NY
1060,2013,Honda,67395,5.0,126,14450,15932,Binghamton,NY
1061,2006,Pontiac,125000,5.0,81,4995,6484,Schenectady,NY
1062,2013,Kia,47415,3.5,59,14995,17040,Glenville,NY
1063,2013,Ram,56056,3.5,79,28811,32034,Schenectady,NY
1064,2013,Toyota,43887,5.0,190,21237,23636,Scranton,PA
1065,2010,Ford,67100,4.0,9,17995,20190,Germantown,NY
1066,2008,Ford,84081,4.5,10,8846,10893,Carthage,NY
1067,2014,Chevrolet,41728,5.0,85,9450,11003,Lansing,NY
1068,2011,Nissan,63037,4.0,68,19995,22241,Saugerties,NY
1069,2011,Ram,78893,5.0,16,22950,25195,Tunkhannock,PA
1070,2012,Chevrolet,80020,5.0,8,11895,13511,Canandaigua,NY
1071,2013,GMC,31005,4.5,84,17695,19358,Painted Post,NY
1072,2013,BMW,16335,4.0,62,27999,30513,Farmington,NY
1073,2010,Ford,77000,5.0,90,8000,9704,Norwich,NY
1074,2006,Jeep,140761,3.0,9,5495,7485,Scranton,PA
1075,2011,Chevrolet,112073,4.0,22,11995,13940,Clinton,NY
1076,2014,Ford,27349,5.0,128,13206,14999,Canandaigua,NY
1077,2016,GMC,4468,4.0,36,36988,42555,Pulaski,NY
1078,2014,Chevrolet,32299,4.5,6,13995,15646,Oneida,NY
1079,2014,Mercedes-Benz,28176,5.0,8,30900,33849,Endicott,NY
1080,2013,Chevrolet,17614,5.0,17,10987,12408,Elmira,NY
1081,2009,Chevrolet,35328,4.0,889,32997,37277,East Greenbush,NY
1082,2014,Fiat,47378,4.0,95,9995,11915,Yorkville,NY
1083,2009,Chevrolet,67235,4.5,38,5999,7698,Towanda,PA
1084,2016,Lincoln,20655,4.5,23,49995,54104,Burnt Hills,NY
1085,2016,Cadillac,16043,4.0,78,34000,37783,Albany,NY
1086,2007,Nissan,114238,5.0,66,8999,10273,Albany,NY
1087,2013,Jeep,28561,5.0,60,14987,16392,Elmira,NY
1088,2012,Honda,70437,5.0,92,17209,18942,Vestal,NY
1089,2013,GMC,37962,5.0,52,17199,18962,Vestal,NY
1090,2008,Honda,106943,5.0,129,9899,11509,Clinton,NY
1091,2014,Toyota,38098,5.0,17,18700,20894,Watertown,NY
1092,2012,Dodge,42761,5.0,86,16999,18896,Eynon,PA
1093,2013,Ford,37214,5.0,54,16890,18978,Cicero,NY
1094,2013,Chevrolet,35873,4.0,14,13500,15309,Albany,NY
1095,2015,Scion,3900,3.5,136,19950,22236,Herkimer,NY
1096,2013,Subaru,36448,4.0,79,12999,14619,Albany,NY
1097,2008,Volvo,111334,4.5,44,10500,12231,Rome,NY
1098,2016,Jeep,7852,4.5,51,16999,18771,Fulton,NY
1099,2009,Chevrolet,88166,5.0,49,19999,22013,Latham,NY
1100,2007,Cadillac,84575,4.0,366,20950,23602,Scranton,PA
1101,2016,Nissan,10579,4.0,71,30988,35923,Pulaski,NY
1102,2013,Ford,75747,4.0,203,12995,14865,Binghamton,NY
1103,2012,Chevrolet,49934,5.0,30,11895,13553,Canandaigua,NY
1104,2010,Jeep,146120,4.0,217,14995,17587,Troy,NY
1105,2014,Jeep,14491,5.0,21,16888,18336,Fulton,NY
1106,2013,Hyundai,52538,5.0,72,10300,11766,Victor,NY
1107,2006,Dodge,90879,4.5,17,9500,11471,Brewerton,NY
1108,2013,Chevrolet,71698,5.0,1,10995,12394,Ontario,NY
1109,2005,GMC,140000,5.0,53,8795,11249,Binghamton,NY
1110,2009,Subaru,105365,4.5,1,8995,10501,Scranton,PA
1111,2013,Nissan,32623,5.0,84,17988,20566,Ontario,NY
1112,2015,Dodge,18768,3.5,191,17995,20262,Painted Post,NY
1113,2014,Audi,39639,4.0,102,33500,36636,Kingston,NY
1114,2014,Ford,43518,5.0,81,10495,12052,Sayre,PA
1115,2012,Nissan,81175,5.0,1,8995,10757,Ontario,NY
1116,2014,Honda,27394,4.0,59,21500,23200,Canandaigua,NY
1117,2015,Ford,23055,4.5,125,12500,14187,Troy,NY
1118,2014,Ford,30060,4.0,20,10888,12527,Syracuse,NY
1119,2011,Hyundai,124000,5.0,108,6995,8694,Oswego,NY
1120,2013,Chevrolet,46000,4.5,105,13900,15385,Apalachin,NY
1121,2010,BMW,90162,4.5,78,11495,13350,East Syracuse,NY
1122,2011,Subaru,122950,5.0,29,9950,11721,Binghamton,NY
1123,2014,Chrysler,9748,4.0,378,18988,21387,Pulaski,NY
1124,2013,Honda,50312,4.0,16,11499,12987,Albany,NY
1125,2012,Ram,61000,4.5,82,23900,25982,Apalachin,NY
1126,2012,Jeep,35573,4.5,48,14495,15898,Monticello,NY
1127,2014,Kia,32524,4.0,58,15899,17826,Kingston,NY
1128,2013,Hyundai,74039,5.0,253,15438,17702,Kingston,NY
1129,2011,Ford,152074,5.0,6,12795,15078,Scranton,PA
1130,2006,Hummer,127310,4.5,50,10500,12472,Westmoreland,NY
1131,2013,Chevrolet,22424,5.0,31,27992,30339,Vestal,NY
1132,2014,Kia,45032,4.0,51,16422,18359,Kingston,NY
1133,2013,BMW,28125,4.0,71,26999,30045,Kingston,NY
1134,2016,Ford,13640,4.5,18,32500,35833,Carthage,NY
1135,2013,Chrysler,56121,4.5,3,15499,17234,Ellenville,NY
1136,2013,Nissan,17615,4.0,102,14999,16878,Ithaca,NY
1137,2010,Toyota,114224,4.0,44,11431,13178,Wolcott,NY
1138,2016,Chevrolet,14844,4.5,40,33750,38257,Carthage,NY
1139,2011,Honda,60238,4.5,6,9500,11344,Troy,NY
1140,2003,Ford,110994,5.0,41,6350,9018,Rome,NY
1141,2016,Ford,14397,4.5,36,33750,37470,Carthage,NY
1142,2015,Toyota,40708,5.0,65,20976,23105,Kingston,NY
1143,2011,Honda,66400,5.0,46,15990,17510,Syracuse,NY
1144,2008,Honda,125000,4.5,151,5950,7424,Schenectady,NY
1145,2012,Dodge,54905,5.0,113,11577,13228,Cortland,NY
1146,2016,Chevrolet,4597,4.5,14,16875,19013,Endicott,NY
1147,2011,GMC,74482,4.5,73,12499,14185,Ellenville,NY
1148,2014,Chevrolet,29640,4.5,78,23495,25405,Schenectady,NY
1149,2009,Volkswagen,66115,5.0,120,7964,9487,Latham,NY
1150,2012,Chevrolet,63497,5.0,36,9800,11352,Troy,NY
1151,2011,Mitsubishi,48164,4.5,143,9995,11827,Schenectady,NY
1152,2014,GMC,71193,5.0,70,26411,29590,Scranton,PA
1153,2014,Kia,12042,4.0,83,16986,18861,Schenectady,NY
1154,2008,BMW,106210,5.0,1,9950,11705,Binghamton,NY
1155,2015,Toyota,28582,5.0,25,14995,16793,Syracuse,NY
1156,2007,Jeep,63262,4.5,7,14990,17508,Hamilton,NY
1157,2005,Ford,101995,3.0,31,4495,6052,Scranton,PA
1158,2015,Chevrolet,22001,5.0,113,14832,16756,Canandaigua,NY
1159,2012,Honda,94755,4.0,354,10495,11975,Syracuse,NY
1160,2010,Ford,95700,4.5,84,6995,9651,Endicott,NY
1161,2012,Chevrolet,68129,4.5,22,19900,22217,Latham,NY
1162,2015,Honda,52836,4.0,98,30879,32970,Albany,NY
1163,2013,Toyota,32911,5.0,1,16986,18828,Kingston,NY
1164,2008,Chevrolet,107650,5.0,160,13500,16642,East Springfield,NY
1165,2012,Ford,54958,4.5,46,12995,14895,East Syracuse,NY
1166,2015,Hyundai,39862,5.0,28,9894,11435,Kingston,NY
1167,2013,Chevrolet,48676,4.0,13,30995,33834,Rome,NY
1168,2009,Honda,91283,4.5,115,10500,11872,Brewerton,NY
1169,2013,BMW,36821,4.5,8,33995,36852,Cicero,NY
1170,2013,Ford,30044,4.5,135,17999,19944,Ellenville,NY
1171,2013,GMC,92913,5.0,37,23995,26749,Gloversville,NY
1172,2014,Jeep,35157,4.0,57,17750,19352,Albany,NY
1173,2012,Ford,32601,4.5,122,19950,21802,Carthage,NY
1174,2004,Jeep,56241,4.0,104,12995,15166,Norwich,NY
1175,2010,Kia,88000,4.5,2,5995,7563,Scott Township,PA
1176,2007,Chevrolet,62744,5.0,128,25995,31000,Ravena,NY
1177,2012,Mazda,30705,4.0,28,8795,10512,Albany,NY
1178,2014,Mazda,31740,5.0,32,14995,16478,Fayetteville,NY
1179,2012,Honda,93252,4.0,45,18888,20798,Wolcott,NY
1180,2006,Mercedes-Benz,124318,4.0,379,8000,9891,Albany,NY
1181,2014,Ford,6273,4.5,699,15258,16931,Kingston,NY
1182,2012,Jeep,50431,3.5,71,12145,13780,Yorkville,NY
1183,2010,Audi,83445,3.5,21,11995,13715,Bridgeport,NY
1184,2014,Mazda,35725,4.0,75,21040,22750,Albany,NY
1185,2015,Toyota,20064,5.0,126,15999,18071,Ithaca,NY
1186,2011,Mercedes-Benz,33205,4.5,91,24998,27138,Scranton,PA
1187,2007,Subaru,113219,3.0,17,8995,11301,Scranton,PA
1188,2010,Dodge,66274,5.0,1,9350,11194,Lowville,NY
1189,2014,Dodge,4504,4.0,127,25988,28906,Pulaski,NY
1190,2011,Kia,72365,4.0,24,10898,12702,Albany,NY
1191,2006,Subaru,160000,4.0,64,3799,5437,Scranton,PA
1192,2013,Kia,42862,4.0,58,14785,16405,Oswego,NY
1193,2015,Mercedes-Benz,34136,4.5,7,51991,55928,Latham,NY
1194,2016,Jeep,12343,5.0,68,20599,22850,Tunkhannock,PA
1195,2015,Toyota,8797,5.0,24,26100,27989,Kingston,NY
1196,2006,Toyota,121000,4.5,151,4450,5723,Schenectady,NY
1197,2008,Hummer,72090,5.0,147,35602,43629,Canandaigua,NY
1198,2015,Dodge,19294,3.5,97,17995,20219,Painted Post,NY
1199,2011,Ford,86000,3.5,46,16995,19234,Binghamton,NY
1200,2010,Ford,107596,4.5,28,16500,21277,Westmoreland,NY
1201,2012,Chrysler,40961,5.0,49,15900,17956,Vestal,NY
1202,2010,Toyota,95011,4.0,45,8200,9580,Mechanicville,NY
1203,2013,Chevrolet,23323,5.0,39,25995,28038,Elmira,NY
1204,2005,Jeep,71262,4.5,22,6500,8003,Brewerton,NY
1205,2005,Jeep,90134,3.5,55,5500,7240,Yorkville,NY
1206,2014,Hyundai,38761,5.0,22,11024,12562,Kingston,NY
1207,2012,Kia,62481,5.0,66,10400,12103,Victor,NY
1208,2016,Chevrolet,14032,4.0,176,17585,19619,Oswego,NY
1209,2010,Ford,37517,5.0,148,17495,19688,Sayre,PA
1210,2009,Toyota,86671,5.0,11,7756,9309,Kingston,NY
1211,2008,Chevrolet,134423,5.0,60,3999,5558,Tunkhannock,PA
1212,2011,Buick,86598,4.0,9,10000,11658,Wolcott,NY
1213,2010,Hyundai,65916,4.5,16,4995,6493,Fulton,NY
1214,2013,Toyota,10000,4.5,25,12500,14063,Apalachin,NY
1215,2010,Toyota,80518,4.0,72,9000,10725,Latham,NY
1216,2016,Dodge,12479,3.0,17,16793,19113,ALBANY,NY
1217,2015,Chevrolet,20700,4.0,9,28885,31783,Oswego,NY
1218,2010,Toyota,73357,5.0,105,12880,14380,Kingston,NY
1219,2015,Toyota,10597,5.0,192,29030,31605,Scranton,PA
1220,2014,Honda,54203,4.5,9,19999,21490,Sidney,NY
1221,2013,Honda,30158,5.0,37,13499,14741,Glenville,NY
1222,2013,Toyota,26842,5.0,60,17773,19262,Elmira,NY
1223,2007,Hyundai,90000,4.0,148,7995,9884,Saugerties,NY
1224,2009,Dodge,47000,4.0,9,9500,11927,Wolcott,NY
1225,2008,Chevrolet,170000,5.0,29,10995,13528,Whitney Point,NY
1226,2012,Ford,72620,5.0,19,18950,21427,Binghamton,NY
1227,2007,Ford,109421,5.0,13,6995,8700,Kingston,NY
1228,2008,Dodge,33893,4.0,32,14888,17128,Central Square,NY
1229,2014,Toyota,48552,4.0,106,20879,22743,Albany,NY
1230,2015,Toyota,43355,5.0,65,12368,13897,Kingston,NY
1231,2007,Chevrolet,125775,5.0,10,13000,15638,Hannibal,NY
1232,2013,Hyundai,60884,4.5,21,17999,20038,Fulton,NY
1233,2010,Chevrolet,75477,5.0,51,18988,20917,Brewerton,NY
1234,2014,Ford,33526,4.5,308,11500,13112,Troy,NY
1235,2011,Honda,84397,3.0,16,10495,12084,Scranton,PA
1236,2006,Ford,118092,5.0,25,8900,11153,Wysox,PA
1237,2015,Toyota,23060,3.0,168,20995,22925,Elmira,NY
1238,2011,Toyota,60600,4.0,16,10000,11494,Albany,NY
1239,2014,Acura,37830,3.5,78,33000,35656,Latham,NY
1240,2005,Dodge,70502,3.0,17,10995,13485,Scranton,PA
1241,2012,Kia,84406,4.0,61,10950,12559,Syracuse,NY
1242,2006,Ford,102837,2.5,7,3990,6148,Auburn,NY
1243,2005,GMC,152000,4.5,785,8995,11713,Cortland,NY
1244,2013,Honda,25962,5.0,14,14890,16346,Cicero,NY
1245,2013,Hyundai,44272,4.0,22,10995,12500,Albany,NY
1246,2006,Chevrolet,124827,3.5,3,8700,12167,Utica,NY
1247,2012,Chevrolet,26241,4.5,13,17995,19533,Painted Post,NY
1248,2009,Chevrolet,71349,5.0,43,20275,22563,Vestal,NY
1249,2014,Chevrolet,16233,5.0,47,12649,14174,Vestal,NY
1250,2014,Ford,36560,4.0,210,10900,12550,Kingston,NY
1251,2014,Hyundai,37402,1.5,36,14500,16232,Schenectady,NY
1252,2006,Dodge,118000,4.5,52,9800,12363,Rome,NY
1253,2014,Honda,39120,4.5,290,20800,22305,Latham,NY
1254,2015,Chevrolet,17635,4.0,79,11400,12988,Kingston,NY
1255,2014,BMW,36754,4.5,37,32300,35589,Latham,NY
1256,2013,Honda,39162,4.0,73,11885,13186,Oswego,NY
1257,2014,Chevrolet,45105,5.0,78,13400,15064,Vestal,NY
1258,2009,Lincoln,98377,4.5,63,8495,10035,East Syracuse,NY
1259,2011,Honda,117000,4.5,64,8950,10490,Schenectady,NY
1260,2008,Honda,90280,4.0,45,9494,11188,Albany,NY
1261,2015,Toyota,25685,5.0,24,21551,23249,Kingston,NY
1262,2014,Dodge,41241,4.5,47,22490,24850,Geneva,NY
1263,2011,BMW,51913,4.0,93,16585,18959,Oswego,NY
1264,2013,Ford,33858,4.0,128,16988,18689,Dickson City,PA
1265,2013,Honda,28001,5.0,84,13900,15159,Watervliet,NY
1266,2002,Chevrolet,85824,4.0,70,9995,12552,Cicero,NY
1267,2014,Honda,46209,4.0,46,19995,21725,Albany,NY
1268,2014,Honda,25240,4.5,17,29999,31879,Yorkville,NY
1269,2005,Toyota,145000,4.5,22,3995,5099,Scott Township,PA
1270,2013,Dodge,35407,4.5,264,30705,33311,Kingston,NY
1271,2011,Toyota,68534,4.0,1,13492,15213,Albany,NY
1272,2015,Ford,28503,4.0,25,32990,35859,East Rochester,NY
1273,2009,Ford,52702,5.0,19,18499,21603,Vestal,NY
1274,2004,Chevrolet,123000,5.0,1,6995,9045,Central Square,NY
1275,2012,Chevrolet,51542,3.0,4,14400,15994,Tully,NY
1276,2011,Chevrolet,66629,5.0,21,8933,10404,Vestal,NY
1277,2011,Jeep,67371,4.0,59,22995,25550,Norwich,NY
1278,2014,Nissan,40234,4.0,99,10995,12604,Albany,NY
1279,2014,Kia,18932,4.0,23,14988,16570,Albany,NY
1280,2012,BMW,41765,4.0,47,28500,31426,Troy,NY
1281,2012,Chevrolet,90200,5.0,77,19999,21812,Albany,NY
1282,2015,Ford,29186,5.0,140,18995,21277,Athens,PA
1283,2006,Acura,95000,5.0,23,7995,9681,Binghamton,NY
1284,2013,Hyundai,34737,5.0,11,11400,12801,Kingston,NY
1285,2015,Ford,10494,4.0,91,18995,21147,Sodus,NY
1286,2013,Toyota,41800,4.5,186,16975,18421,Sidney,NY
1287,2013,Mercedes-Benz,27214,4.0,25,21999,24386,Ithaca,NY
1288,2006,Hyundai,113000,4.5,3,5495,6789,Scott Township,PA
1289,2012,Ford,50257,4.0,407,11385,13173,Oswego,NY
1290,2016,Chevrolet,19995,4.5,21,17995,20013,Monticello,NY
1291,2016,Cadillac,4520,4.0,142,74988,80719,Pulaski,NY
1292,2015,Chevrolet,19000,4.5,328,49500,53685,Apalachin,NY
1293,2013,Infiniti,48025,4.5,108,28900,31215,Troy,NY
1294,2013,Chevrolet,16123,3.5,45,40873,44183,Schenectady,NY
1295,2010,GMC,165000,5.0,10,9995,11654,Whitney Point,NY
1296,2012,Chevrolet,45190,4.5,182,16995,18783,Liverpool,NY
1297,2007,Dodge,108763,4.5,140,8499,10404,Ellenville,NY
1298,2013,Ford,24911,5.0,144,31599,34634,Scranton,PA
1299,2014,Ford,33532,4.5,176,10990,12561,Wysox,PA
1300,2013,Honda,24000,3.0,8,13900,15233,Palmyra,NY
1301,2010,Mazda,85597,4.5,23,11995,13637,East Syracuse,NY
1302,2008,Honda,117200,3.0,45,8400,10083,Palmyra,NY
1303,2012,Chevrolet,75479,4.0,93,6495,8293,Fairport,NY
1304,2007,Hyundai,111439,4.5,37,7000,8605,Brewerton,NY
1305,2012,Honda,65313,4.5,120,16799,18573,Glenmont,NY
1306,2006,Acura,141469,5.0,60,4500,6292,Syracuse,NY
1307,2015,Kia,10855,4.0,62,18399,20284,Kingston,NY
1308,2009,Toyota,51098,5.0,23,7995,9481,Ontario,NY
1309,2015,Ram,26912,4.5,443,22399,26716,Fulton,NY
1310,2012,Toyota,65206,4.5,430,19988,21954,Norwich,NY
1311,2011,Chevrolet,82572,4.0,122,12999,14577,Wolcott,NY
1312,2006,Nissan,123456,4.0,65,4000,5699,Latham,NY
1313,2005,Jeep,170319,4.5,114,2990,4433,Wysox,PA
1314,2016,Ram,4425,5.0,46,28988,34954,Watertown,NY
1315,2003,Audi,100545,3.5,127,4495,5836,Glenmont,NY
1316,2012,Toyota,13667,5.0,21,14444,15920,Latham,NY
1317,2011,Mazda,110867,4.5,79,5400,6533,Rome,NY
1318,2010,Toyota,87000,4.5,18,7995,9493,Apalachin,NY
1319,2016,Chevrolet,16156,4.5,56,19983,21942,Rome,NY
1320,2008,Honda,104856,4.5,60,11600,13066,Barneveld,NY
1321,2012,Hyundai,83358,4.0,31,11500,13164,Clinton,NY
1322,2010,Toyota,121079,4.0,21,12999,15458,Binghamton,NY
1323,2013,Ford,49901,5.0,14,35995,41124,Sayre,PA
1324,2006,Ford,96482,5.0,144,12995,14903,Schenectady,NY
1325,2011,Jeep,79383,5.0,121,16874,18877,Auburn,NY
1326,2016,GMC,8681,4.5,45,24950,27293,Carthage,NY
1327,2012,GMC,28460,5.0,95,26634,29279,Scranton,PA
1328,2014,Subaru,45673,5.0,1,19995,21514,Scranton,PA
1329,2012,Toyota,56291,5.0,288,16995,18975,Taylor,PA
1330,2013,Ford,30414,3.5,184,20999,23411,Ithaca,NY
1331,2012,Chrysler,23248,4.0,45,16995,18818,Ballston Spa,NY
1332,2013,Mazda,7828,4.5,71,12495,13765,Syracuse,NY
1333,2013,Ford,36390,5.0,60,11990,13737,Elmira,NY
1334,2010,Dodge,83219,4.0,36,12995,14985,Albany,NY
1335,2011,Chevrolet,39168,4.5,104,15988,17752,Rensselaer,NY
1336,2002,Chevrolet,109500,4.0,153,3995,5343,Cortland,NY
1337,2011,Chevrolet,74836,4.5,8,19999,22077,Fulton,NY
1338,2015,Toyota,32341,5.0,24,21101,22765,Kingston,NY
1339,2014,Chevrolet,12561,5.0,512,14462,16055,Canandaigua,NY
1340,2012,Hyundai,29350,5.0,131,10998,12518,Kingston,NY
1341,2007,Mercedes-Benz,92997,3.5,10,14995,17385,Glenville,NY
1342,2010,Chevrolet,98000,3.0,6,6900,8633,Wolcott,NY
1343,2010,Chrysler,79001,5.0,59,9997,11405,Latham,NY
1344,2010,Volvo,70566,4.0,58,16299,18433,Latham,NY
1345,2005,Ford,75008,4.0,1,5995,7576,Albany,NY
1346,2010,Ford,47369,4.0,178,16299,18173,Kingston,NY
1347,2014,Chevrolet,48415,4.5,14,10995,12399,Syracuse,NY
1348,2015,Toyota,25069,5.0,24,21634,23294,Kingston,NY
1349,2011,Ram,84365,3.5,38,19995,22720,Bridgeport,NY
1350,2006,Chevrolet,111000,4.5,21,3950,5484,Schenectady,NY
1351,2003,Chevrolet,120126,5.0,86,5995,7713,Bath,NY
1352,2015,Cadillac,25504,4.5,251,32270,34714,Williamson,NY
1353,2012,Hyundai,22065,4.5,426,11400,12861,Troy,NY
1354,2007,Chevrolet,121462,5.0,50,5495,7029,Rome,NY
1355,2013,Subaru,42636,4.5,146,17579,19084,Glenmont,NY
1356,2007,Subaru,115739,4.5,330,5999,7305,Scott Township,PA
1357,2013,BMW,54184,4.5,37,27499,30233,Ellenville,NY
1358,2014,Kia,37826,4.0,88,18875,20703,Albany,NY
1359,2010,Kia,128804,3.0,10,3995,6082,Scranton,PA
1360,2009,Kia,90052,5.0,49,7488,9219,Ontario,NY
1361,2014,Jeep,28730,5.0,189,24600,27538,Watertown,NY
1362,2014,Ford,20114,4.5,18,11850,13233,Carthage,NY
1363,2014,Mercedes-Benz,28898,4.0,20,24495,26787,Albany,NY
1364,2014,Lexus,22639,4.0,1,22954,24830,Latham,NY
1365,2015,Honda,11321,5.0,92,16499,17960,Scranton,PA
1366,2012,Ford,99799,5.0,1,6999,8582,Troy,NY
1367,2015,Honda,19683,4.0,78,14699,16094,Kingston,NY
1368,2014,Kia,38930,4.0,77,24928,27080,Kingston,NY
1369,2010,Chevrolet,90640,5.0,11,10950,12462,Binghamton,NY
1370,2010,Ford,73862,4.5,126,12990,14585,Wysox,PA
1371,2013,Chrysler,20677,3.0,16,20404,22633,ALBANY,NY
1372,2010,Chevrolet,75420,3.5,26,18995,21571,Bridgeport,NY
1373,2015,Kia,16776,4.0,55,22299,24869,Kingston,NY
1374,2015,Dodge,77012,4.5,37,13995,15850,Scranton,PA
1375,2013,Hyundai,31128,3.5,76,11995,13516,Glenville,NY
1376,2013,Chevrolet,41077,4.0,45,11500,12854,Farmington,NY
1377,2013,Mercedes-Benz,17752,4.0,607,30988,35266,Pulaski,NY
1378,2013,Hyundai,16521,5.0,60,12472,14016,Elmira,NY
1379,2005,MINI,104254,5.0,8,4500,6033,Menands,NY
1380,2011,Nissan,69261,4.0,177,10995,12815,Saugerties,NY
1381,2007,Nissan,24821,4.0,25,14990,16423,East Rochester,NY
1382,2009,Kia,81114,5.0,63,7490,9631,West Coxsackie,NY
1383,2013,Audi,82044,4.0,157,24385,26799,Oswego,NY
1384,2013,Buick,47746,5.0,1,12990,14374,CICERO,NY
1385,2011,Jeep,80000,5.0,5,10900,12314,Newark,NY
1386,2012,Hyundai,66590,3.5,53,11984,13798,Liverpool,NY
1387,2014,Ford,28381,5.0,60,26837,29080,Elmira,NY
1388,2008,Dodge,117677,4.0,76,13450,15381,Clinton,NY
1389,2013,Chevrolet,39424,5.0,105,26933,29654,Vestal,NY
1390,2013,Mazda,105100,5.0,25,8999,10367,Troy,NY
1391,2012,GMC,71931,5.0,10,17995,19725,Scranton,PA
1392,2015,Toyota,7411,5.0,51,28543,30289,Scranton,PA
1393,2015,Ford,19140,4.5,154,20250,22074,Williamson,NY
1394,2014,Toyota,17545,5.0,9,30730,33680,Kingston,NY
1395,2013,Toyota,30153,4.0,157,13000,14410,Wolcott,NY
1396,2011,Dodge,82094,5.0,77,16000,17896,Victor,NY
1397,2010,Toyota,99919,4.0,70,8000,9640,Latham,NY
1398,2015,Kia,44960,4.5,69,18995,21039,Syracuse,NY
1399,2009,Dodge,75694,4.5,1,7495,9412,Fulton,NY
1400,2016,Jeep,24150,4.5,16,21995,24086,Vestal,NY
1401,2014,Nissan,41455,4.0,99,10999,12554,Albany,NY
1402,2007,Dodge,89947,3.0,17,7495,9547,Scranton,PA
1403,2014,Hyundai,41358,5.0,22,9420,10950,Kingston,NY
1404,2014,Toyota,36616,4.0,14,11999,13711,Ithaca,NY
1405,2012,Ford,139355,4.0,59,8995,10683,Schenectady,NY
1406,2010,Jeep,101083,4.0,85,17000,18853,Canandaigua,NY
1407,2011,Ford,71303,4.5,51,12995,14563,Clifton Park,NY
1408,2011,Cadillac,81161,4.5,135,16995,18740,Monticello,NY
1409,2013,Volkswagen,33224,4.5,297,16995,18674,Baldwinsville,NY
1410,2012,Buick,54670,4.5,29,12770,14269,Newark,NY
1411,2011,GMC,68000,4.0,72,22995,25030,Wysox,PA
1412,2013,Buick,28318,5.0,94,19500,22039,Victor,NY
1413,2013,Chevrolet,20318,4.0,70,11000,12369,Wolcott,NY
1414,2009,Lexus,58972,3.5,38,14500,16221,Latham,NY
1415,2013,Chevrolet,27316,5.0,18,11900,13128,Tunkhannock,PA
1416,2011,Toyota,65033,5.0,60,9965,11312,Elmira,NY
1417,2013,Hyundai,89358,4.5,24,8999,10277,Phoenix,NY
1418,2014,BMW,28381,4.5,18,24550,26239,Latham,NY
1419,2014,Ford,34716,5.0,168,10995,12500,Sayre,PA
1420,2013,Ford,70054,4.5,136,12995,14494,Burnt Hills,NY
1421,2013,Chevrolet,26266,4.0,28,11899,13174,Dickson City,PA
1422,2015,Chrysler,6469,4.5,563,21400,24081,Clifton Park,NY
1423,2013,Kia,85710,4.0,8,12000,14012,Kingston,NY
1424,2006,GMC,156573,3.5,106,10250,12628,Utica,NY
1425,2004,Toyota,155418,4.0,3,6997,9097,Latham,NY
1426,2012,Ford,51289,3.5,204,9494,11189,Watertown,NY
1427,2013,Chevrolet,38223,5.0,54,22990,24844,Cicero,NY
1428,2010,Chevrolet,108612,4.0,2,14488,16654,Albany,NY
1429,2012,Jeep,91653,4.0,155,10995,12441,Central Square,NY
1430,2015,Kia,32889,4.0,29,11000,12421,Mechanicville,NY
1431,2007,Chrysler,78376,3.5,10,6499,8679,Scranton,PA
1432,2007,Jeep,76401,5.0,65,8995,10425,Scranton,PA
1433,2011,Chevrolet,84769,3.5,28,11495,13335,Glenville,NY
1434,2016,Chrysler,20296,5.0,45,22999,24544,Vestal,NY
1435,2008,Subaru,95993,3.5,38,6995,8734,Taylor,PA
1436,2006,Ford,135000,5.0,59,9999,11971,Schenectady,NY
1437,2005,BMW,45998,4.0,39,18974,21181,Canandaigua,NY
1438,2014,Toyota,29892,5.0,112,23000,24928,Victor,NY
1439,2015,Kia,5500,3.5,255,12500,14149,Clifton Park,NY
1440,2007,Toyota,142020,5.0,53,7950,9723,Binghamton,NY
1441,2011,Hyundai,68398,4.5,10,10620,12212,Newark,NY
1442,2013,Chevrolet,2084,4.5,24,26995,29755,Oneida,NY
1443,2011,Honda,56432,4.5,199,15999,17507,Phoenix,NY
1444,2013,Ford,36272,4.5,115,19937,21781,Carthage,NY
1445,2016,Audi,8016,5.0,106,42148,45335,Oneonta,NY
1446,2005,Volvo,163000,4.0,56,2895,4410,Scranton,PA
1447,2011,Toyota,63019,3.0,17,14995,16773,Auburn,NY
1448,1999,Chevrolet,37300,5.0,31,16000,18841,Phoenix,NY
1449,2016,GMC,8989,4.5,45,24950,27203,Carthage,NY
1450,2012,Honda,20286,4.0,212,12999,14344,Farmington,NY
1451,2006,Honda,79000,5.0,5,8750,10164,Ilion,NY
1452,2008,Hyundai,83646,4.0,461,7495,8526,Kingston,NY
1453,2010,Mazda,134801,5.0,61,5500,6940,Victor,NY
1454,2010,Ford,72068,5.0,37,20000,22226,Gloversville,NY
1455,2005,Mercury,99879,3.0,50,3995,5691,Scranton,PA
1456,2009,Toyota,72000,5.0,26,8900,10353,Utica,NY
1457,2014,Kia,22538,4.5,134,17978,19699,Vestal,NY
1458,2014,Hyundai,34969,5.0,71,12518,14015,Kingston,NY
1459,2011,Chevrolet,86500,4.0,9,21000,23365,Wolcott,NY
1460,2016,Hyundai,9565,5.0,34,21710,23402,Kingston,NY
1461,2006,Chrysler,85781,4.5,70,8495,9960,East Syracuse,NY
1462,2006,Jeep,107913,4.0,39,8995,10760,Albany,NY
1463,2015,Chevrolet,26855,4.0,50,20085,22072,Oswego,NY
1464,2016,Volkswagen,10704,5.0,37,21343,22903,Vestal,NY
1465,2015,Ford,27199,5.0,140,15600,17736,Sayre,PA
1466,2013,Dodge,32146,5.0,85,22990,24838,Elbridge,NY
1467,2015,GMC,30773,3.5,35,31995,35099,Bridgeport,NY
1468,2010,Honda,87313,3.5,55,10000,11547,Latham,NY
1469,2007,Volkswagen,66123,5.0,15,6495,8020,Cortland,NY
1470,2015,Toyota,30941,4.5,32,24490,28089,Ellenville,NY
1471,2013,Hyundai,24274,5.0,29,12495,13874,Herkimer,NY
1472,2012,Mercedes-Benz,32300,5.0,6,25900,28108,Endicott,NY
1473,2013,Honda,37780,4.5,102,19900,21397,Troy,NY
1474,2008,Chevrolet,134332,4.5,58,15600,17606,Rome,NY
1475,2014,Subaru,20247,4.0,47,21400,23165,Troy,NY
1476,2011,Kia,136774,4.0,50,7999,9482,Farmington,NY
1477,2013,Chevrolet,36482,5.0,60,15704,17316,Elmira,NY
1478,2011,Chevrolet,81000,4.5,175,8500,9926,Apalachin,NY
1479,2012,Ford,18568,4.5,14,34500,36555,Carthage,NY
1480,2016,Ram,13299,4.0,45,30988,36049,Pulaski,NY
1481,2002,Chevrolet,37448,4.5,4,18995,21249,Scranton,PA
1482,2010,Ford,30525,4.0,161,18888,22198,Wolcott,NY
1483,2012,Dodge,43823,4.0,49,14999,17121,Farmington,NY
1484,2013,Ford,32399,4.0,50,17888,20076,Dickson City,PA
1485,2005,Buick,121000,5.0,17,4200,5821,Chittenango,NY
1486,2014,Ford,7505,4.0,157,27999,30216,Wolcott,NY
1487,2007,Dodge,130300,5.0,106,3995,5621,Latham,NY
1488,2013,Honda,30400,5.0,36,14495,15861,Syracuse,NY
1489,2013,Mercedes-Benz,36299,5.0,18,20995,23020,Saratoga Springs,NY
1490,2012,Toyota,97000,5.0,41,12500,13964,Binghamton,NY
1491,2015,Kia,16659,5.0,127,13995,15450,Sayre,PA
1492,2016,Dodge,20936,3.5,7,25000,26935,Scranton,PA
1493,2014,Subaru,35990,5.0,12,18995,20384,Schenectady,NY
1494,2012,Chevrolet,70358,5.0,98,14495,15979,Albany,NY
1495,2014,Mitsubishi,30589,4.5,39,28996,31317,Schenectady,NY
1496,2014,Ford,21040,4.5,93,31994,34884,Ontario,NY
1497,2013,Hyundai,61294,4.5,126,10495,11879,Cortland,NY
1498,2008,Dodge,107261,4.5,177,6995,8498,East Syracuse,NY
1499,2016,Ford,12230,4.5,66,33750,37081,Carthage,NY
1500,2009,Chevrolet,51000,5.0,17,8500,10536,Oswego,NY
1501,2009,Nissan,56215,5.0,1,8995,10396,Latham,NY
1502,2011,Ford,99000,5.0,162,9995,11447,Cortland,NY
1503,2016,Ford,17997,4.5,23,33750,37078,Carthage,NY
